Unnamed: 0,name,price,age,location,image,link,store,category
0,Vaskemaskin Blomberg (Ny) BWX274W2 - Solid og meget enkel i bruk,3900.0,,,https://images.finncdn.no/dynamic/default/2022/5/vertical-0/06/5/257/318/975_298223197.jpg,/bap/forsale/ad.html?finnkode=257318975,finn,0.22054_8
1,vaskemaskin,1300.0,28. apr. 2022,Hønefoss,https://images.finncdn.no/dynamic/480x640c/2022/4/vertical-0/28/6/256/397/546_752688165.jpg,https://www.finn.no/bap/forsale/ad.html?finnkode=256397546,finn,0.22054_8
2,Vaskemaskin,1200.0,28. apr. 2022,Sarpsborg,https://images.finncdn.no/dynamic/480x640c/2022/2/vertical-0/26/4/249/616/894_1746681816.jpg,https://www.finn.no/bap/forsale/ad.html?finnkode=249616894,finn,0.22054_8
3,Toppmatet vaskemaskin AEG,1500.0,27. apr. 2022,Hurdal,https://images.finncdn.no/dynamic/480x360c/2022/4/vertical-0/27/6/256/299/706_1310235322.jpg,https://www.finn.no/bap/forsale/ad.html?finnkode=256299706,finn,0.22054_8
4,Vaskemaskin 7kg-AAA-1600 Omdr,1000.0,27. apr. 2022,Halden,https://images.finncdn.no/dynamic/480x640c/2022/4/vertical-0/27/9/256/276/159_529963370.jpg,https://www.finn.no/bap/forsale/ad.html?finnkode=256276159,finn,0.22054_8
5,Bosch Serie 6 Vaskemaskin (Reservert),3500.0,17. mai 2022,Strømmen,https://images.finncdn.no/dynamic/480x640c/2022/5/vertical-0/17/0/258/774/890_1754675233.jpg,https://www.finn.no/bap/forsale/ad.html?finnkode=258774890,finn,0.22054_8
6,Micro med grill,350.0,16. mai 2022,Heggedal,https://images.finncdn.no/dynamic/480x360c/2021/3/vertical-0/22/6/212/152/036_1179644149.jpg,https://www.finn.no/bap/forsale/ad.html?finnkode=212152036,finn,0.22054_8
7,Vaskemaskin,,16. mai 2022,Spydeberg,https://images.finncdn.no/dynamic/480x640c/2022/5/vertical-0/16/0/258/733/410_1807258226.jpg,https://www.finn.no/bap/forsale/ad.html?finnkode=258733410,finn,0.22054_8
8,Tørkemaskin på 2500kr!!,2500.0,26. apr. 2022,Sarpsborg,https://images.finncdn.no/dynamic/480x640c/2021/10/vertical-0/13/9/235/164/479_1517663921.jpg,https://www.finn.no/bap/forsale/ad.html?finnkode=235164479,finn,0.22054_8
9,Vaskemaskinslange,300.0,15. mai 2022,Sofiemyr,https://images.finncdn.no/dynamic/480x640c/2022/5/vertical-0/15/9/258/638/619_1466869332.jpg,https://www.finn.no/bap/forsale/ad.html?finnkode=258638619,finn,0.22054_8
10,Vaskemaskin og tørketrommel selges med kvittering,5000.0,15. mai 2022,Kjeller,https://images.finncdn.no/dynamic/480x640c/2022/5/vertical-0/16/7/258/604/567_2034515699.jpg,https://www.finn.no/bap/forsale/ad.html?finnkode=258604567,finn,0.22054_8
11,vaskemaskin,4500.0,Solgt,Røyken,https://images.finncdn.no/dynamic/480x360c/2022/5/vertical-0/15/6/258/588/676_1997506730.jpg,https://www.finn.no/bap/forsale/ad.html?finnkode=258588676,finn,0.22054_8
12,Tørketrommel Bosch,3500.0,24. apr. 2022,Snarøya,https://images.finncdn.no/dynamic/480x480c/2022/2/vertical-0/22/6/249/267/066_979879364.jpg,https://www.finn.no/bap/forsale/ad.html?finnkode=249267066,finn,0.22054_8
13,Brukt,100.0,15. mai 2022,Svelvik,https://images.finncdn.no/dynamic/480x640c/2022/5/vertical-0/15/2/258/564/272_1503186058.jpg,https://www.finn.no/bap/forsale/ad.html?finnkode=258564272,finn,0.22054_8
14,MIELE W 1615 med Watercontrol System,1900.0,24. apr. 2022,Halden,https://images.finncdn.no/dynamic/480x640c/2022/2/vertical-0/21/3/249/132/033_1173593688.jpg,https://www.finn.no/bap/forsale/ad.html?finnkode=249132033,finn,0.22054_8
15,Tørkemaskin til salgs,1000.0,24. apr. 2022,Rælingen,https://images.finncdn.no/dynamic/480x480c/2022/4/vertical-0/24/9/255/928/449_734225465.jpg,https://www.finn.no/bap/forsale/ad.html?finnkode=255928449,finn,0.22054_8
16,Brukt vaskemaskin zanussi,400.0,24. apr. 2022,Hosle,https://images.finncdn.no/dynamic/480x640c/2022/4/vertical-0/24/8/255/907/908_1462558759.jpg,https://www.finn.no/bap/forsale/ad.html?finnkode=255907908,finn,0.22054_8
17,Oppbygger til vaskemaskin selges,1000.0,23. apr. 2022,Manstad,https://images.finncdn.no/dynamic/480x640c/2022/2/vertical-0/05/0/247/339/870_2061855121.jpg,https://www.finn.no/bap/forsale/ad.html?finnkode=247339870,finn,0.22054_8
18,Samsung vaskemaskin selges,4000.0,14. mai 2022,Skjetten,https://images.finncdn.no/dynamic/480x640c/2022/5/vertical-0/14/3/258/457/453_393752632.jpg,https://www.finn.no/bap/forsale/ad.html?finnkode=258457453,finn,0.22054_8
19,tørk,500.0,23. apr. 2022,Hønefoss,https://images.finncdn.no/dynamic/480x640c/2022/4/vertical-0/23/0/255/792/910_761545991.jpg,https://www.finn.no/bap/forsale/ad.html?finnkode=255792910,finn,0.22054_8
20,BOSCH Tørketrommel,1500.0,23. apr. 2022,Sarpsborg,https://images.finncdn.no/dynamic/480x640c/2022/4/vertical-0/23/0/255/758/650_1664548670.jpg,https://www.finn.no/bap/forsale/ad.html?finnkode=255758650,finn,0.22054_8
21,Samsung tørketrommel DV95T5240AE,,22. apr. 2022,Kråkerøy,https://images.finncdn.no/dynamic/480x480c/2022/4/vertical-0/22/5/255/715/535_1661526360.jpg,https://www.finn.no/bap/forsale/ad.html?finnkode=255715535,finn,0.22054_8
22,Ny Innløpsslange / vannslange med aquastop,200.0,22. apr. 2022,Torp,https://images.finncdn.no/dynamic/480x640c/2020/9/vertical-0/21/1/192/268/581_2079540113.jpg,https://www.finn.no/bap/forsale/ad.html?finnkode=192268581,finn,0.22054_8
23,Asko - dør til vaskemaskin eller tørketrommel,,21. apr. 2022,Moss,https://images.finncdn.no/dynamic/480x360c/2019/9/vertical-5/01/4/156/550/894_2082065513.jpg,https://www.finn.no/bap/forsale/ad.html?finnkode=156550894,finn,0.22054_8
24,Vaskemaskin,,21. apr. 2022,Hokksund,https://images.finncdn.no/dynamic/480x640c/2022/4/vertical-0/21/6/255/582/856_1709639464.jpg,https://www.finn.no/bap/forsale/ad.html?finnkode=255582856,finn,0.22054_8
25,Gorenje vaskemaskin,2500.0,21. apr. 2022,Fredrikstad,https://images.finncdn.no/dynamic/480x640c/2022/4/vertical-0/21/2/255/545/952_2097490808.jpg,https://www.finn.no/bap/forsale/ad.html?finnkode=255545952,finn,0.22054_8
26,Good quality AEG washing machine + dryer combo for sale,2500.0,21. apr. 2022,Haslum,https://images.finncdn.no/dynamic/480x640c/2022/4/vertical-0/21/5/255/532/615_110327478.jpg,https://www.finn.no/bap/forsale/ad.html?finnkode=255532615,finn,0.22054_8
27,"Defekt vaskemaskin,  ulyd når virker",,20. apr. 2022,Eidsvoll,https://images.finncdn.no/dynamic/480x360c/2021/10/vertical-0/18/9/235/785/119_1552082724.jpg,https://www.finn.no/bap/forsale/ad.html?finnkode=235785119,finn,0.22054_8
28,vaske maskin og tørketrommel,5000.0,20. apr. 2022,Fredrikstad,https://images.finncdn.no/dynamic/480x640c/2021/11/vertical-0/14/8/238/737/908_348682866.jpg,https://www.finn.no/bap/forsale/ad.html?finnkode=238737908,finn,0.22054_8
29,tørketromme,1500.0,11. mai 2022,Mjøndalen,https://images.finncdn.no/dynamic/480x640c/2022/5/vertical-0/11/4/258/101/644_1021316519.jpg,https://www.finn.no/bap/forsale/ad.html?finnkode=258101644,finn,0.22054_8
30,Arbeidsbenk som man kan dra ut mellom to vaskemaskiner som står oppå verandre,500.0,11. mai 2022,Asker,https://images.finncdn.no/dynamic/480x360c/2021/9/vertical-0/12/7/231/758/197_1983484180.jpg,https://www.finn.no/bap/forsale/ad.html?finnkode=231758197,finn,0.22054_8
31,STABLERAMME M/ UTTREKKBAR HYLLE,500.0,11. mai 2022,Langhus,https://images.finncdn.no/dynamic/480x640c/2020/7/vertical-0/12/6/184/579/036_784112496.jpg,https://www.finn.no/bap/forsale/ad.html?finnkode=184579036,finn,0.22054_8
32,Defekt vaskemaskin selges billig!,400.0,11. mai 2022,Fetsund,https://images.finncdn.no/dynamic/480x640c/2022/5/vertical-0/11/1/258/069/211_206970924.jpg,https://www.finn.no/bap/forsale/ad.html?finnkode=258069211,finn,0.22054_8
33,Miele vaskemaskin (W921),2100.0,11. mai 2022,Drammen,https://images.finncdn.no/dynamic/480x640c/2022/5/vertical-0/11/0/258/051/010_1804471669.jpg,https://www.finn.no/bap/forsale/ad.html?finnkode=258051010,finn,0.22054_8
34,Elegant LG kjøleskap side by side.,3500.0,19. apr. 2022,Bjørkelangen,https://images.finncdn.no/dynamic/480x640c/2022/4/vertical-0/19/6/255/328/706_10348859.jpg,https://www.finn.no/bap/forsale/ad.html?finnkode=255328706,finn,0.22054_8
35,inntak/innløp slange til vaskemaskin,150.0,10. mai 2022,Blaker,https://images.finncdn.no/dynamic/480x360c/2016/10/vertical-5/12/0/842/008/00_2139615339.jpg,https://www.finn.no/bap/forsale/ad.html?finnkode=84200800,finn,0.22054_8
36,Original LG vaskemaskin slange,,16. apr. 2022,Hakadal,https://images.finncdn.no/dynamic/480x640c/2022/4/vertical-0/17/1/255/020/881_1469309689.jpg,https://www.finn.no/bap/forsale/ad.html?finnkode=255020881,finn,0.22054_8
37,Lite brukt LG tørketrommel,2000.0,16. apr. 2022,Fornebu,https://images.finncdn.no/dynamic/480x640c/2021/10/vertical-0/01/2/233/833/742_1094081224.jpg,https://www.finn.no/bap/forsale/ad.html?finnkode=233833742,finn,0.22054_8
38,Stableramme,500.0,8. mai 2022,Sætre,https://images.finncdn.no/dynamic/480x640c/2021/6/vertical-0/09/4/221/427/514_1797277707.jpg,https://www.finn.no/bap/forsale/ad.html?finnkode=221427514,finn,0.22054_8
39,Til silke kunst til å tørke malt silke bud,2000.0,7. mai 2022,Svelvik,https://images.finncdn.no/dynamic/480x640c/2021/11/vertical-0/04/1/237/575/541_1622358438.jpg,https://www.finn.no/bap/forsale/ad.html?finnkode=237575541,finn,0.22054_8
40,Ubrukt Electrolux kullfiler,300.0,14. apr. 2022,Fredrikstad,https://images.finncdn.no/dynamic/480x640c/2020/11/vertical-0/30/9/200/237/069_1550304399.jpg,https://www.finn.no/bap/forsale/ad.html?finnkode=200237069,finn,0.22054_8
41,Kan levere! Topp fungerende vaskemaskin,2200.0,14. apr. 2022,Hagan,https://images.finncdn.no/dynamic/480x640c/2021/12/vertical-0/02/3/240/560/753_1737237899.jpg,https://www.finn.no/bap/forsale/ad.html?finnkode=240560753,finn,0.22054_8
42,9 mnd gammel samsung vaskemaskin. Selges grunnet flytting.,7000.0,6. mai 2022,Mjøndalen,https://images.finncdn.no/dynamic/480x480c/2022/5/vertical-0/06/8/257/414/708_1011559574.jpg,https://www.finn.no/bap/forsale/ad.html?finnkode=257414708,finn,0.22054_8
43,Vaskemaskinavløp - avløpsrør,50.0,13. apr. 2022,Gamle Fredrikstad,https://images.finncdn.no/dynamic/480x360c/2020/8/vertical-0/14/9/187/977/869_1008711082.jpg,https://www.finn.no/bap/forsale/ad.html?finnkode=187977869,finn,0.22054_8
44,Samsung Vaskemaskin Defekt,,6. mai 2022,Borgen,https://images.finncdn.no/dynamic/480x640c/2022/5/vertical-0/06/1/257/387/651_2141144957.jpg,https://www.finn.no/bap/forsale/ad.html?finnkode=257387651,finn,0.22054_8
45,Nesten nye Bosch maskiner selges,10000.0,6. mai 2022,Strømmen,https://images.finncdn.no/dynamic/480x640c/2022/5/vertical-0/06/1/257/385/481_1632738508.jpg,https://www.finn.no/bap/forsale/ad.html?finnkode=257385481,finn,0.22054_8
46,LG vaskemaskin,2000.0,13. apr. 2022,Eiksmarka,https://images.finncdn.no/dynamic/480x640c/2022/4/vertical-0/13/3/254/727/663_1832706329.jpg,https://www.finn.no/bap/forsale/ad.html?finnkode=254727663,finn,0.22054_8
47,Zanussi toppmatet vaskemaskin 40 cm bred selges,2200.0,12. apr. 2022,Kråkerøy,https://images.finncdn.no/dynamic/480x640c/2022/4/vertical-0/12/7/254/649/777_2116092296.jpg,https://www.finn.no/bap/forsale/ad.html?finnkode=254649777,finn,0.22054_8
48,Vaskemaskin,1000.0,5. mai 2022,Spydeberg,https://images.finncdn.no/dynamic/480x640c/2022/1/vertical-0/01/2/243/253/802_131221617.jpg,https://www.finn.no/bap/forsale/ad.html?finnkode=243253802,finn,0.22054_8
49,Electrolux PerfectCare 900 vask/tørk EW9W8862E9.,9500.0,4. mai 2022,Frogner,https://images.finncdn.no/dynamic/480x640c/2022/5/vertical-0/04/0/257/151/660_165131989.jpg,https://www.finn.no/bap/forsale/ad.html?finnkode=257151660,finn,0.22054_8
50,Vibrasjonsdempere for vaskemaskin,50.0,3. mai 2022,Drammen,https://images.finncdn.no/dynamic/480x360c/2022/3/vertical-0/04/4/250/217/384_355187788.jpg,https://www.finn.no/bap/forsale/ad.html?finnkode=250217384,finn,0.22054_8
0,Vaskemaskin Blomberg (Ny) BWX274W2 - Solid og meget enkel i bruk,3900.0,,,https://images.finncdn.no/dynamic/default/2022/5/vertical-0/06/5/257/318/975_298223197.jpg,/bap/forsale/ad.html?finnkode=257318975,finn,0.22054_9
1,Stablingsbrett til vaskemaskin,600.0,1. mai 2022,Ski,https://images.finncdn.no/dynamic/480x480c/2022/5/vertical-0/01/8/256/817/248_668136531.jpg,https://www.finn.no/bap/forsale/ad.html?finnkode=256817248,finn,0.22054_9
2,Vaskemaskin Bosch,2500.0,1. mai 2022,Skjetten,https://images.finncdn.no/dynamic/480x640c/2021/11/vertical-0/10/7/238/217/727_632429938.jpg,https://www.finn.no/bap/forsale/ad.html?finnkode=238217727,finn,0.22054_9
3,Bosch vaskemaskin,1850.0,29. apr. 2022,Drammen,https://images.finncdn.no/dynamic/480x640c/2022/4/vertical-0/29/2/256/468/542_1377696196.jpg,https://www.finn.no/bap/forsale/ad.html?finnkode=256468542,finn,0.22054_9
4,Integrert vaskemaskine som passer pa kjøkken under benk.,9000.0,27. apr. 2022,Borgen,https://images.finncdn.no/dynamic/480x640c/2022/4/vertical-0/27/9/256/319/489_1766770528.jpg,https://www.finn.no/bap/forsale/ad.html?finnkode=256319489,finn,0.22054_9
5,Blå farge,500.0,19. apr. 2022,Ski,https://images.finncdn.no/dynamic/480x480c/2022/4/vertical-0/19/3/205/869/973_1438167090.jpg,https://www.finn.no/bap/forsale/ad.html?finnkode=205869973,finn,0.22054_9
6,Tilkobling myk slange til vaskemaskin,100.0,18. apr. 2022,Langhus,https://images.finncdn.no/dynamic/480x640c/2021/9/vertical-0/12/3/231/700/383_286171745.jpg,https://www.finn.no/bap/forsale/ad.html?finnkode=231700383,finn,0.22054_9
7,Gummiføtter - til vaskemaskin og tørketrommel - Reduserer støy og vibrasjoner.,99.0,18. apr. 2022,Drammen,https://images.finncdn.no/dynamic/480x480c/2022/2/vertical-0/13/5/247/875/325_838961942.jpg,https://www.finn.no/bap/forsale/ad.html?finnkode=247875325,finn,0.22054_9
8,Vaskemaskin selges billig,3390.0,17. apr. 2022,Asker,https://images.finncdn.no/dynamic/480x360c/2021/9/vertical-0/07/8/231/182/478_3432340.jpg,https://www.finn.no/bap/forsale/ad.html?finnkode=231182478,finn,0.22054_9
9,Vaskemaskin,1000.0,16. apr. 2022,Strømmen,https://images.finncdn.no/dynamic/480x640c/2022/4/vertical-0/16/2/254/987/612_710370399.jpg,https://www.finn.no/bap/forsale/ad.html?finnkode=254987612,finn,0.22054_9
10,Vaskemadkinstativ,450.0,14. apr. 2022,Kjeller,https://images.finncdn.no/dynamic/480x360c/2022/4/vertical-0/14/2/254/854/432_914100039.jpg,https://www.finn.no/bap/forsale/ad.html?finnkode=254854432,finn,0.22054_9
11,Vaskemaskin Miele,2000.0,14. apr. 2022,Fetsund,https://images.finncdn.no/dynamic/480x640c/2022/4/vertical-0/14/2/254/850/252_882870962.jpg,https://www.finn.no/bap/forsale/ad.html?finnkode=254850252,finn,0.22054_9
12,AEG VASKEMASKIN,1000.0,14. apr. 2022,Solbergelva,https://static.finncdn.no/_c/mfinn/static/images/no-image.5bf83e47.svg,https://www.finn.no/bap/forsale/ad.html?finnkode=254849916,finn,0.22054_9
13,Vaskemaskinstativ,300.0,14. apr. 2022,Svelvik,https://images.finncdn.no/dynamic/480x640c/2022/4/vertical-0/14/8/254/826/258_203233273.jpg,https://www.finn.no/bap/forsale/ad.html?finnkode=254826258,finn,0.22054_9
14,"Whirlpool vaskemaskin med en liten feil, 6th sense teknologi selges",1000.0,14. apr. 2022,Drammen,https://images.finncdn.no/dynamic/480x480c/2021/11/vertical-0/04/4/237/668/044_241494033.jpg,https://www.finn.no/bap/forsale/ad.html?finnkode=237668044,finn,0.22054_9
15,Electrolux proff maskiner,10000.0,12. apr. 2022,Askim,https://images.finncdn.no/dynamic/480x640c/2022/2/vertical-0/10/1/247/862/291_1151826835.jpg,https://www.finn.no/bap/forsale/ad.html?finnkode=247862291,finn,0.22054_9
16,vaskemaskin,3100.0,11. apr. 2022,Drammen,https://images.finncdn.no/dynamic/480x640c/2022/4/vertical-0/11/4/254/487/214_1442818315.jpg,https://www.finn.no/bap/forsale/ad.html?finnkode=254487214,finn,0.22054_9
17,vaskemaskin,499.0,11. apr. 2022,Strømmen,https://images.finncdn.no/dynamic/480x640c/2022/2/vertical-0/04/7/247/183/647_399339518.jpg,https://www.finn.no/bap/forsale/ad.html?finnkode=247183647,finn,0.22054_9
18,Godt brukt AEG Lavamat vaskemaskin,500.0,10. apr. 2022,Heggedal,https://images.finncdn.no/dynamic/480x640c/2022/4/vertical-0/10/2/254/398/462_1864693767.jpg,https://www.finn.no/bap/forsale/ad.html?finnkode=254398462,finn,0.22054_9
19,Vaskemaskin selges tar  8kg,3500.0,10. apr. 2022,Skedsmokorset,https://images.finncdn.no/dynamic/480x640c/2022/4/vertical-0/10/7/254/383/297_13454785.jpg,https://www.finn.no/bap/forsale/ad.html?finnkode=254383297,finn,0.22054_9
20,Lite brukt IQ 100 vaskemaskin,2950.0,10. apr. 2022,Drammen,https://images.finncdn.no/dynamic/480x640c/2022/4/vertical-0/10/9/254/368/279_1974926940.jpg,https://www.finn.no/bap/forsale/ad.html?finnkode=254368279,finn,0.22054_9
0,Vaskemaskin Blomberg (Ny) BWX274W2 - Solid og meget enkel i bruk,3900.0,,,https://images.finncdn.no/dynamic/default/2022/5/vertical-0/06/5/257/318/975_298223197.jpg,/bap/forsale/ad.html?finnkode=257318975,finn,0.22054_2
1,Miele Novotronic W1614 vaskemaskin selges,2990.0,ti timer siden,Røyse,https://images.finncdn.no/dynamic/480x640c/2022/6/vertical-0/08/4/261/458/384_51794446.jpg,https://www.finn.no/bap/forsale/ad.html?finnkode=261458384,finn,0.22054_2
2,Vaskemaskin,1500.0,elleve timer siden,Degernes,https://images.finncdn.no/dynamic/480x640c/2022/6/vertical-0/08/2/261/453/832_1867521564.jpg,https://www.finn.no/bap/forsale/ad.html?finnkode=261453832,finn,0.22054_2
3,Miele vaskemaskin,,elleve timer siden,Maura,https://images.finncdn.no/dynamic/480x640c/2022/6/vertical-0/08/6/261/453/466_160382247.jpg,https://www.finn.no/bap/forsale/ad.html?finnkode=261453466,finn,0.22054_2
4,Samsung Vask/Tørk 9/5kg WD90N643OAW | www.norskombruk.no | 24 mnd garanti!,6490.0,25. mai 2022,Sandvika,https://images.finncdn.no/dynamic/480x360c/2022/2/vertical-5/28/5/249/843/575_924651510.jpg,https://www.finn.no/bap/forsale/ad.html?finnkode=249843575,finn,0.22054_2
5,vaskemaskin,4000.0,elleve timer siden,Eidsvoll,https://images.finncdn.no/dynamic/480x360c/2022/6/vertical-0/08/3/261/448/303_910885760.jpg,https://www.finn.no/bap/forsale/ad.html?finnkode=261448303,finn,0.22054_2
6,Hotpoint Ariston selges i deler,500.0,13 timer siden,Torp,https://images.finncdn.no/dynamic/480x640c/2022/6/vertical-0/08/3/261/437/643_729960074.jpg,https://www.finn.no/bap/forsale/ad.html?finnkode=261437643,finn,0.22054_2
7,vaskemaskin,1500.0,16 timer siden,Sarpsborg,https://images.finncdn.no/dynamic/480x640c/2022/6/vertical-0/08/7/261/418/557_1673630529.jpg,https://www.finn.no/bap/forsale/ad.html?finnkode=261418557,finn,0.22054_2
8,Siemens vaskemaskin WM14SE9DN | www.norskombruk.no | 24 mnd garanti på alt!,5990.0,25. mai 2022,Sandvika,https://images.finncdn.no/dynamic/480x360c/2022/3/vertical-5/29/2/253/016/422_2052801664.jpg,https://www.finn.no/bap/forsale/ad.html?finnkode=253016422,finn,0.22054_2
9,vaskemaskin,500.0,en dag siden,Auli,https://images.finncdn.no/dynamic/480x640c/2022/6/vertical-0/07/0/261/404/580_2057919365.jpg,https://www.finn.no/bap/forsale/ad.html?finnkode=261404580,finn,0.22054_2
10,RESERVERT! 8 kg AEG vaskemaskin kun 4 år gml. Garanti medfølger!,2250.0,en dag siden,Bekkestua,https://images.finncdn.no/dynamic/480x640c/2022/6/vertical-0/07/6/261/402/846_1355607132.jpg,https://www.finn.no/bap/forsale/ad.html?finnkode=261402846,finn,0.22054_2
11,Vaskemaskin selges,1000.0,en dag siden,Lier,https://images.finncdn.no/dynamic/480x640c/2022/6/vertical-0/07/4/261/371/384_17921323.jpg,https://www.finn.no/bap/forsale/ad.html?finnkode=261371384,finn,0.22054_2
12,Fint Vaskemaskin til billig pris.,1500.0,15 timer siden,Ski,https://images.finncdn.no/dynamic/480x640c/2022/6/vertical-5/08/1/261/425/971_1902258246.jpg,https://www.finn.no/bap/forsale/ad.html?finnkode=261425971,finn,0.22054_2
13,"Bauknecht Vaskemaskin 1,5år gammel, A+++",2500.0,en dag siden,Hønefoss,https://images.finncdn.no/dynamic/480x640c/2022/6/vertical-0/07/1/261/368/471_1759644680.jpg,https://www.finn.no/bap/forsale/ad.html?finnkode=261368471,finn,0.22054_2
14,"MIELE WDB037NDS VASKEMASKIN

WDB037NDS / 510896",6000.0,en dag siden,Lørenskog,https://images.finncdn.no/dynamic/480x640c/2022/6/vertical-0/01/2/260/537/662_1888998617.jpg,https://www.finn.no/bap/forsale/ad.html?finnkode=260537662,finn,0.22054_2
15,Samsung vaskemaskin 9Kg,2500.0,en dag siden,Borgenhaugen,https://images.finncdn.no/dynamic/480x480c/2022/6/vertical-0/07/9/261/364/349_1345203728.jpg,https://www.finn.no/bap/forsale/ad.html?finnkode=261364349,finn,0.22054_2
16,LG vaskemaskiner - 50% avslag - 24mnd garanti,3000.0,23. mai 2022,Vikersund,https://images.finncdn.no/dynamic/480x480c/2022/3/vertical-5/15/5/251/403/655_1143414177.jpg,https://www.finn.no/bap/forsale/ad.html?finnkode=251403655,finn,0.22054_2
17,Toppmatet Electrolux vaskemaskin - 6kg 1200rpm,1000.0,en dag siden,Moss,https://images.finncdn.no/dynamic/480x640c/2022/6/vertical-0/07/6/261/356/966_1320589569.jpg,https://www.finn.no/bap/forsale/ad.html?finnkode=261356966,finn,0.22054_2
18,vaskemaskin,1500.0,en dag siden,Gressvik,https://images.finncdn.no/dynamic/480x640c/2022/6/vertical-0/07/3/261/340/073_1692208292.jpg,https://www.finn.no/bap/forsale/ad.html?finnkode=261340073,finn,0.22054_2
19,Innløpsslange til vaskemaskin.,50.0,en dag siden,Fredrikstad,https://images.finncdn.no/dynamic/480x640c/2022/6/vertical-0/07/7/261/339/657_1272957818.jpg,https://www.finn.no/bap/forsale/ad.html?finnkode=261339657,finn,0.22054_2
20,Samsung vask&tørk WD95T534CBE | 24 mnd garanti | www.norskombruk.no,5990.0,23. mai 2022,Sandvika,https://images.finncdn.no/dynamic/480x360c/2022/3/vertical-5/02/6/250/072/586_1415089466.jpg,https://www.finn.no/bap/forsale/ad.html?finnkode=250072586,finn,0.22054_2
21,Vaskemaskin gis bort.  Virker som den skal.,,en dag siden,Hafslundsøy,https://images.finncdn.no/dynamic/480x640c/2022/6/vertical-0/07/5/261/335/675_648755084.jpg,https://www.finn.no/bap/forsale/ad.html?finnkode=261335675,finn,0.22054_2
22,Candy vaskemaskin,500.0,en dag siden,Halden,https://images.finncdn.no/dynamic/480x640c/2018/7/vertical-5/27/2/125/212/812_640810164.jpg,https://www.finn.no/bap/forsale/ad.html?finnkode=125212812,finn,0.22054_2
23,[RESERVED] Blomberg Washing machine / Washer-dryer,1000.0,en dag siden,Nesoddtangen,https://images.finncdn.no/dynamic/480x640c/2022/6/vertical-0/07/3/261/316/943_700917341.png,https://www.finn.no/bap/forsale/ad.html?finnkode=261316943,finn,0.22054_2
24,PerfectCare 800 vaskemaskin EW8F8669Q8.,5498.0,23. mai 2022,Hagan,https://images.finncdn.no/dynamic/480x480c/2022/5/vertical-5/23/1/259/498/251_440972752.jpg,https://www.finn.no/bap/forsale/ad.html?finnkode=259498251,finn,0.22054_2
25,AGE VASKEMASKIN,1000.0,to dager siden,Fjellhamar,https://images.finncdn.no/dynamic/480x640c/2022/6/vertical-0/06/8/261/295/648_539874346.jpg,https://www.finn.no/bap/forsale/ad.html?finnkode=261295648,finn,0.22054_2
26,Vaskemaskin Grundig,4000.0,to dager siden,Moss,https://images.finncdn.no/dynamic/480x640c/2022/5/vertical-0/22/1/259/339/211_1647432532.jpg,https://www.finn.no/bap/forsale/ad.html?finnkode=259339211,finn,0.22054_2
27,Miele WDA111 Classic Eco,2999.0,to dager siden,Hagan,https://images.finncdn.no/dynamic/480x640c/2022/6/vertical-0/06/2/261/287/132_1136187611.jpg,https://www.finn.no/bap/forsale/ad.html?finnkode=261287132,finn,0.22054_2
28,PerfectCare 700 vaskemaskin EW7F6669Q6.,4948.0,23. mai 2022,Hagan,https://images.finncdn.no/dynamic/480x480c/2022/5/vertical-5/23/1/259/497/791_1479454744.jpg,https://www.finn.no/bap/forsale/ad.html?finnkode=259497791,finn,0.22054_2
29,"Slange med aquastop til vaskemaskin (1,5 m)",100.0,to dager siden,Tranby,https://images.finncdn.no/dynamic/480x360c/2022/6/vertical-0/06/9/261/269/959_985725611.jpg,https://www.finn.no/bap/forsale/ad.html?finnkode=261269959,finn,0.22054_2
30,Vaskemaskin,,to dager siden,Fredrikstad,https://images.finncdn.no/dynamic/480x640c/2022/6/vertical-0/06/1/261/269/601_1703768865.jpg,https://www.finn.no/bap/forsale/ad.html?finnkode=261269601,finn,0.22054_2
31,Vaskemaskin og tørketrommel selges på grunn av flytting,3000.0,to dager siden,Moss,https://images.finncdn.no/dynamic/480x640c/2022/6/vertical-0/06/6/261/251/046_332564621.jpg,https://www.finn.no/bap/forsale/ad.html?finnkode=261251046,finn,0.22054_2
32,25% Rabatt på utvalgte vaskemaskiner - www.norskombruk.no,2790.0,22. mai 2022,Sandvika,https://images.finncdn.no/dynamic/480x480c/2022/5/vertical-5/10/9/256/051/089_2045152706.jpg,https://www.finn.no/bap/forsale/ad.html?finnkode=256051089,finn,0.22054_2
33,"ubrukt vaskemaskinstativ m/skuff Høy kvalitet ny pris 1995,-",1400.0,to dager siden,Klavestadhaugen,https://images.finncdn.no/dynamic/480x480c/2022/6/vertical-0/08/9/261/243/639_1557270363.jpg,https://www.finn.no/bap/forsale/ad.html?finnkode=261243639,finn,0.22054_2
34,Samsung 6kg vaskemaskin.,1000.0,to dager siden,Fenstad,https://images.finncdn.no/dynamic/480x640c/2022/6/vertical-0/06/4/261/233/734_1132848889.jpg,https://www.finn.no/bap/forsale/ad.html?finnkode=261233734,finn,0.22054_2
35,Legstoppers/vibrasjonsdempere til vaskemaskin/tørketrommel,200.0,to dager siden,Hagan,https://images.finncdn.no/dynamic/480x640c/2021/5/vertical-0/10/2/218/152/692_758772498.jpg,https://www.finn.no/bap/forsale/ad.html?finnkode=218152692,finn,0.22054_2
36,25% Rabatt på utvalgte vaskemaskiner hos www.norskombruk.n,2800.0,22. mai 2022,Sandvika,https://images.finncdn.no/dynamic/480x480c/2022/5/vertical-5/10/0/256/042/140_1239701492.jpg,https://www.finn.no/bap/forsale/ad.html?finnkode=256042140,finn,0.22054_2
37,AEG vaskemaskin - Protex Plus,1500.0,to dager siden,Tranby,https://images.finncdn.no/dynamic/480x640c/2022/6/vertical-0/06/0/261/227/250_23832343.jpg,https://www.finn.no/bap/forsale/ad.html?finnkode=261227250,finn,0.22054_2
38,Vaskemaskin,500.0,to dager siden,Nesodden,https://images.finncdn.no/dynamic/480x360c/2022/6/vertical-0/06/9/261/218/549_775516984.jpg,https://www.finn.no/bap/forsale/ad.html?finnkode=261218549,finn,0.22054_2
39,Electrolux Inspire 7kg vaskemaskin m/defekt pumpe,,to dager siden,Maura,https://images.finncdn.no/dynamic/480x640c/2022/6/vertical-0/06/7/261/208/797_2073988106.jpg,https://www.finn.no/bap/forsale/ad.html?finnkode=261208797,finn,0.22054_2
40,25% Rabatt på utvalgte vaskemaskiner hos www.norskombruk.no,3290.0,22. mai 2022,Sandvika,https://images.finncdn.no/dynamic/480x480c/2022/5/vertical-5/10/9/256/047/539_1895281178.jpg,https://www.finn.no/bap/forsale/ad.html?finnkode=256047539,finn,0.22054_2
41,Vaskemaskin,1500.0,to dager siden,Roa,https://images.finncdn.no/dynamic/480x640c/2022/6/vertical-0/06/0/261/207/760_1813493039.jpg,https://www.finn.no/bap/forsale/ad.html?finnkode=261207760,finn,0.22054_2
42,Innløpsslange vaskemaskin / oppvaskmaskin standard dim. 3 meter lang,99.0,tre dager siden,Kråkerøy,https://images.finncdn.no/dynamic/480x360c/2015/11/vertical-5/29/4/679/269/34_1580834277.jpg,https://www.finn.no/bap/forsale/ad.html?finnkode=67926934,finn,0.22054_2
43,Gram WTF 60964 kombinert vask/tørk,3500.0,tre dager siden,Hønefoss,https://images.finncdn.no/dynamic/480x640c/2022/6/vertical-0/06/6/261/189/496_236271767.jpg,https://www.finn.no/bap/forsale/ad.html?finnkode=261189496,finn,0.22054_2
44,LG Kombinert Vask&Tørk F4DV508S2W | 24 mnd garanti - www.norskombruk.no,4490.0,20. mai 2022,Sandvika,https://images.finncdn.no/dynamic/480x360c/2022/4/vertical-5/22/5/255/671/005_1683233388.jpg,https://www.finn.no/bap/forsale/ad.html?finnkode=255671005,finn,0.22054_2
45,vaskemaskin,2850.0,tre dager siden,Halden,https://images.finncdn.no/dynamic/480x480c/2022/6/vertical-0/06/9/261/178/289_1035400888.jpg,https://www.finn.no/bap/forsale/ad.html?finnkode=261178289,finn,0.22054_2
46,Nesten ny AEG vaskemaskin og tørketrommel,6000.0,tre dager siden,Hønefoss,https://images.finncdn.no/dynamic/480x640c/2022/6/vertical-0/06/1/261/168/681_1233637379.jpg,https://www.finn.no/bap/forsale/ad.html?finnkode=261168681,finn,0.22054_2
47,Ønsker meg vaskemaskin,,5. juni 2022,Fredrikstad,https://static.finncdn.no/_c/mfinn/static/images/no-image.5bf83e47.svg,https://www.finn.no/bap/forsale/ad.html?finnkode=261153006,finn,0.22054_2
48,Samsung vaskemaskin WW95T534CAE | 24 mnd garanti | www.norskombruk.no,4790.0,20. mai 2022,Sandvika,https://images.finncdn.no/dynamic/480x360c/2022/3/vertical-5/02/0/250/072/140_1017351523.jpg,https://www.finn.no/bap/forsale/ad.html?finnkode=250072140,finn,0.22054_2
49,"Vaskemaskiner, tørketrommel, fryser, komfyrer, kjøleskap, oppvaskmaskiner.",800.0,5. juni 2022,Sarpsborg,https://images.finncdn.no/dynamic/480x360c/2021/10/vertical-0/13/7/235/150/487_1984142351.jpg,https://www.finn.no/bap/forsale/ad.html?finnkode=235150487,finn,0.22054_2
50,Vaskemaskin gis bort,,5. juni 2022,Sandvika,https://images.finncdn.no/dynamic/480x640c/2022/6/vertical-0/05/6/261/147/926_1555723726.jpg,https://www.finn.no/bap/forsale/ad.html?finnkode=261147926,finn,0.22054_2
0,Vaskemaskin Blomberg (Ny) BWX274W2 - Solid og meget enkel i bruk,3900.0,,,https://images.finncdn.no/dynamic/default/2022/5/vertical-0/06/5/257/318/975_298223197.jpg,/bap/forsale/ad.html?finnkode=257318975,finn,0.22054_3
1,Vaskemaskin,1300.0,5. juni 2022,Vestfossen,https://images.finncdn.no/dynamic/480x640c/2022/6/vertical-0/05/8/261/135/478_312034016.jpg,https://www.finn.no/bap/forsale/ad.html?finnkode=261135478,finn,0.22054_3
2,WOW! Spar KR.2805 LG Vaskemaskin FV96JNS2QE,9190.0,2. juni 2022,Drammen,https://images.finncdn.no/dynamic/480x480c/2022/1/vertical-5/03/5/243/514/785_1920224386.jpg,https://www.finn.no/bap/forsale/ad.html?finnkode=243514785,finn,0.22054_3
3,LG vaskemaskin Inntaksrør,100.0,5. juni 2022,Fjerdingby,https://images.finncdn.no/dynamic/480x640c/2021/5/vertical-0/27/7/220/056/197_213639911.jpg,https://www.finn.no/bap/forsale/ad.html?finnkode=220056197,finn,0.22054_3
4,Bosch vaskemaskin,400.0,5. juni 2022,Jessheim,https://images.finncdn.no/dynamic/480x640c/2022/6/vertical-0/05/9/261/114/729_713417134.jpg,https://www.finn.no/bap/forsale/ad.html?finnkode=261114729,finn,0.22054_3
5,Vaskemaskin,800.0,5. juni 2022,Krøderen,https://images.finncdn.no/dynamic/480x360c/2022/6/vertical-0/05/9/261/112/529_1263638445.jpg,https://www.finn.no/bap/forsale/ad.html?finnkode=261112529,finn,0.22054_3
6,WOW! Spar KR.2005 AEG Vaskemaskin L6FBK866G,5990.0,2. juni 2022,Drammen,https://images.finncdn.no/dynamic/480x480c/2022/1/vertical-5/03/2/243/516/362_1281714313.jpg,https://www.finn.no/bap/forsale/ad.html?finnkode=243516362,finn,0.22054_3
7,Miele W5873  Edition 111 selges,1900.0,5. juni 2022,Nesodden,https://images.finncdn.no/dynamic/480x640c/2022/6/vertical-0/05/5/261/099/755_659174895.jpg,https://www.finn.no/bap/forsale/ad.html?finnkode=261099755,finn,0.22054_3
8,Hentes/ kjøpes: AEG Turnamat fra 1961 til 67. Noen som har eller vet om maken???,,5. juni 2022,Årnes,https://images.finncdn.no/dynamic/480x640c/2020/10/vertical-0/03/6/193/637/356_649381974.jpg,https://www.finn.no/bap/forsale/ad.html?finnkode=193637356,finn,0.22054_3
9,Pent brukt vaskemaskin selges,1600.0,5. juni 2022,Sarpsborg,https://images.finncdn.no/dynamic/480x640c/2022/6/vertical-0/05/4/261/079/304_1688373999.jpg,https://www.finn.no/bap/forsale/ad.html?finnkode=261079304,finn,0.22054_3
10,BRUKT; Vaskemaskiner med garanti,2000.0,1. juni 2022,Asker,https://images.finncdn.no/dynamic/480x360c/2016/8/vertical-5/10/7/615/421/07_288340666.jpg,https://www.finn.no/bap/forsale/ad.html?finnkode=80432283,finn,0.22054_3
11,Vaskemaskin Electrolux EWF1467GDW,3500.0,5. juni 2022,Lierskogen,https://images.finncdn.no/dynamic/480x640c/2022/6/vertical-0/05/9/261/073/849_1149164866.jpg,https://www.finn.no/bap/forsale/ad.html?finnkode=261073849,finn,0.22054_3
12,Whirlpool vaskemaskin,3999.0,4. juni 2022,Fredrikstad,https://images.finncdn.no/dynamic/480x640c/2022/6/vertical-0/04/2/261/002/842_2115438723.png,https://www.finn.no/bap/forsale/ad.html?finnkode=261002842,finn,0.22054_3
13,Pent brukt Whirpool vaskemaskin.,800.0,4. juni 2022,Lørenskog,https://images.finncdn.no/dynamic/480x640c/2022/6/vertical-0/04/2/260/999/002_2029261659.jpg,https://www.finn.no/bap/forsale/ad.html?finnkode=260999002,finn,0.22054_3
14,Vaskemaskin fra Indesit. Modell: BWE 91485X WS EU N.,3998.0,13. mai 2022,Hagan,https://images.finncdn.no/dynamic/480x480c/2022/5/vertical-5/24/4/258/299/164_1580459781.jpg,https://www.finn.no/bap/forsale/ad.html?finnkode=258299164,finn,0.22054_3
15,vaskemaskin,900.0,4. juni 2022,Vikersund,https://images.finncdn.no/dynamic/480x640c/2022/6/vertical-0/04/1/260/973/271_352832192.jpg,https://www.finn.no/bap/forsale/ad.html?finnkode=260973271,finn,0.22054_3
16,Tørketrommel selges,1000.0,4. juni 2022,Kongsberg,https://images.finncdn.no/dynamic/480x640c/2022/6/vertical-0/04/8/260/957/918_1132647184.jpg,https://www.finn.no/bap/forsale/ad.html?finnkode=260957918,finn,0.22054_3
17,Bosch vaskemaskin,1500.0,3. juni 2022,Vikersund,https://images.finncdn.no/dynamic/480x640c/2022/6/vertical-0/03/0/260/951/660_526367378.jpg,https://www.finn.no/bap/forsale/ad.html?finnkode=260951660,finn,0.22054_3
18,Vaskemaskin. Modell: L6FPN146G. 2 års garanti.,3100.0,13. mai 2022,Hagan,https://images.finncdn.no/dynamic/480x480c/2022/5/vertical-5/16/9/258/298/519_1150351146.jpg,https://www.finn.no/bap/forsale/ad.html?finnkode=258298519,finn,0.22054_3
19,Miele vaskemaskin,1000.0,3. juni 2022,Vøyenenga,https://images.finncdn.no/dynamic/480x480c/2022/6/vertical-0/03/3/260/900/903_1588901878.jpg,https://www.finn.no/bap/forsale/ad.html?finnkode=260900903,finn,0.22054_3
20,Kombi vaskemaskin og tørketrommel,600.0,3. juni 2022,Sellebakk,https://images.finncdn.no/dynamic/480x640c/2022/6/vertical-0/03/9/260/899/969_777787556.jpg,https://www.finn.no/bap/forsale/ad.html?finnkode=260899969,finn,0.22054_3
21,Gorenje Vaskemaskin,2500.0,3. juni 2022,Halden,https://images.finncdn.no/dynamic/480x640c/2022/6/vertical-0/03/5/260/883/195_1110629018.jpg,https://www.finn.no/bap/forsale/ad.html?finnkode=260883195,finn,0.22054_3
22,Vaskemaskin fra AEG. 2 års garanti.,3998.0,13. mai 2022,Hagan,https://images.finncdn.no/dynamic/480x480c/2022/5/vertical-5/18/1/258/298/001_1896752715.jpg,https://www.finn.no/bap/forsale/ad.html?finnkode=258298001,finn,0.22054_3
23,LG vaskemaskin,2000.0,3. juni 2022,Stabekk,https://images.finncdn.no/dynamic/480x640c/2022/6/vertical-0/03/4/260/872/204_791626134.jpg,https://www.finn.no/bap/forsale/ad.html?finnkode=260872204,finn,0.22054_3
24,Banasonic vaskemaskin,2500.0,3. juni 2022,Fredrikstad,https://images.finncdn.no/dynamic/480x640c/2022/6/vertical-0/03/3/260/863/243_1734735681.jpg,https://www.finn.no/bap/forsale/ad.html?finnkode=260863243,finn,0.22054_3
25,Jeg selger vaskemaskin må hente fordi mangler plass som ligger ute på Trasse,200.0,2. juni 2022,Tranby,https://images.finncdn.no/dynamic/480x360c/2022/6/vertical-0/02/1/260/833/561_1044472435.jpg,https://www.finn.no/bap/forsale/ad.html?finnkode=260833561,finn,0.22054_3
26,Toppmatet vaskemaskin. Messevare.,2998.0,13. mai 2022,Hagan,https://images.finncdn.no/dynamic/480x640c/2022/5/vertical-5/13/5/258/297/755_1502865800.jpg,https://www.finn.no/bap/forsale/ad.html?finnkode=258297755,finn,0.22054_3
27,AEG Lavamat- silent system - 7kg - vaskemaskin,1850.0,2. juni 2022,Rud,https://images.finncdn.no/dynamic/480x640c/2022/6/vertical-0/02/0/260/823/490_1222137662.jpg,https://www.finn.no/bap/forsale/ad.html?finnkode=260823490,finn,0.22054_3
28,Hvitevarer selges rimelig,1500.0,2. juni 2022,Vormsund,https://images.finncdn.no/dynamic/480x480c/2022/6/vertical-0/02/5/260/807/535_1901457973.jpg,https://www.finn.no/bap/forsale/ad.html?finnkode=260807535,finn,0.22054_3
29,Electrolux kombi vaske og tørk,200.0,2. juni 2022,Jessheim,https://images.finncdn.no/dynamic/480x640c/2022/6/vertical-0/02/0/260/802/350_700514484.jpg,https://www.finn.no/bap/forsale/ad.html?finnkode=260802350,finn,0.22054_3
30,Toppmatet vaskemaskin. Full garanti. Modell: PWTL29126/N,2999.0,3. mai 2022,Hagan,https://images.finncdn.no/dynamic/480x480c/2022/5/vertical-5/13/1/257/010/301_1057004894.jpg,https://www.finn.no/bap/forsale/ad.html?finnkode=257010301,finn,0.22054_3
31,Grundig vaskemaskin gis bort,,2. juni 2022,Blystadlia,https://images.finncdn.no/dynamic/480x640c/2022/6/vertical-0/02/6/260/725/476_640384517.jpg,https://www.finn.no/bap/forsale/ad.html?finnkode=260725476,finn,0.22054_3
32,Vaskemaskin AEG 7Kg,5000.0,2. juni 2022,Rykkinn,https://images.finncdn.no/dynamic/480x640c/2022/3/vertical-0/30/3/253/156/283_1153935326.jpg,https://www.finn.no/bap/forsale/ad.html?finnkode=253156283,finn,0.22054_3
33,Vaskemaskin,2000.0,1. juni 2022,Fredrikstad,https://images.finncdn.no/dynamic/480x640c/2022/6/vertical-0/01/3/260/720/943_1331195037.jpg,https://www.finn.no/bap/forsale/ad.html?finnkode=260720943,finn,0.22054_3
34,Toppmatet vaskemaskin. Full garanti.,4998.0,3. mai 2022,Hagan,https://images.finncdn.no/dynamic/480x640c/2022/5/vertical-5/03/1/257/009/891_597052313.jpg,https://www.finn.no/bap/forsale/ad.html?finnkode=257009891,finn,0.22054_3
35,tørketrommel,600.0,1. juni 2022,Vøyenenga,https://images.finncdn.no/dynamic/480x360c/2022/6/vertical-0/01/2/260/710/482_2095349451.jpg,https://www.finn.no/bap/forsale/ad.html?finnkode=260710482,finn,0.22054_3
36,LG vaskemaskin ! Ett år gammel,3000.0,1. juni 2022,Geithus,https://images.finncdn.no/dynamic/480x640c/2022/6/vertical-0/01/6/260/702/416_2063854021.jpg,https://www.finn.no/bap/forsale/ad.html?finnkode=260702416,finn,0.22054_3
37,Vaskemaskin Indesit 7 kg. Problemer med sentrifuge.,,1. juni 2022,Son,https://images.finncdn.no/dynamic/480x640c/2022/6/vertical-0/01/8/260/698/948_1824641319.jpg,https://www.finn.no/bap/forsale/ad.html?finnkode=260698948,finn,0.22054_3
38,BRUKT; Vaskemaskiner med garanti,2000.0,3. mai 2022,Sandvika,https://images.finncdn.no/dynamic/480x360c/2017/11/vertical-5/02/9/804/322/89_937270560.jpg,https://www.finn.no/bap/forsale/ad.html?finnkode=80432289,finn,0.22054_3
39,Ny 3 sett vibrasjonsdempere / legstoppers (2 SOLGT - 1 IGJEN),150.0,1. juni 2022,Halden,https://images.finncdn.no/dynamic/480x360c/2021/9/vertical-0/06/1/230/994/151_374483505.jpg,https://www.finn.no/bap/forsale/ad.html?finnkode=230994151,finn,0.22054_3
40,vaskemaskin,1300.0,1. juni 2022,Vikersund,https://images.finncdn.no/dynamic/480x640c/2022/6/vertical-0/01/3/260/657/773_657251447.jpg,https://www.finn.no/bap/forsale/ad.html?finnkode=260657773,finn,0.22054_3
41,vask maskin,2000.0,1. juni 2022,Hafslundsøy,https://images.finncdn.no/dynamic/480x640c/2022/6/vertical-0/01/6/260/643/776_1171610792.jpg,https://www.finn.no/bap/forsale/ad.html?finnkode=260643776,finn,0.22054_3
42,AEG Toppmatet/1400 omdreininger/,2299.0,2. mai 2022,Kløfta,https://images.finncdn.no/dynamic/480x640c/2022/5/vertical-5/02/6/256/908/806_1895140535.jpg,https://www.finn.no/bap/forsale/ad.html?finnkode=256908806,finn,0.22054_3
43,AEG vaske maskin og Electrolux tørke trommel,2500.0,1. juni 2022,Kongsberg,https://images.finncdn.no/dynamic/480x640c/2022/6/vertical-0/01/0/259/220/930_672867279.jpg,https://www.finn.no/bap/forsale/ad.html?finnkode=259220930,finn,0.22054_3
44,Electrolux vaskemaskin,500.0,1. juni 2022,Rygge,https://images.finncdn.no/dynamic/480x640c/2022/6/vertical-0/01/2/260/634/582_1489560908.jpg,https://www.finn.no/bap/forsale/ad.html?finnkode=260634582,finn,0.22054_3
45,Vibrasjonsdempere for vaskemaskin selges.,100.0,1. juni 2022,Sellebakk,https://images.finncdn.no/dynamic/480x360c/2022/4/vertical-0/01/5/253/359/245_1955052714.jpg,https://www.finn.no/bap/forsale/ad.html?finnkode=253359245,finn,0.22054_3
46,LG vask-tørk (8kg vask 6 kg tørk),4499.0,2. mai 2022,Kløfta,https://images.finncdn.no/dynamic/480x480c/2019/9/vertical-5/17/0/158/007/470_1482742185.jpg,https://www.finn.no/bap/forsale/ad.html?finnkode=158007470,finn,0.22054_3
47,Whirpool vaskemaskin,1200.0,31. mai 2022,Vikersund,https://images.finncdn.no/dynamic/480x640c/2022/5/vertical-0/31/3/260/596/913_971451880.jpg,https://www.finn.no/bap/forsale/ad.html?finnkode=260596913,finn,0.22054_3
48,Vaskemaskin,300.0,31. mai 2022,Gullaug,https://images.finncdn.no/dynamic/480x640c/2022/5/vertical-0/31/5/260/590/105_40285019.jpg,https://www.finn.no/bap/forsale/ad.html?finnkode=260590105,finn,0.22054_3
49,Vaskemaskin,2500.0,31. mai 2022,Moss,https://images.finncdn.no/dynamic/480x640c/2022/5/vertical-0/31/2/260/580/842_1744050341.jpg,https://www.finn.no/bap/forsale/ad.html?finnkode=260580842,finn,0.22054_3
50,AEG 9 kg Vask/Tork med til 3 år garanti,4499.0,2. mai 2022,Kløfta,https://images.finncdn.no/dynamic/480x640c/2022/5/vertical-5/02/4/256/902/214_760971352.jpg,https://www.finn.no/bap/forsale/ad.html?finnkode=256902214,finn,0.22054_3
0,Vaskemaskin Blomberg (Ny) BWX274W2 - Solid og meget enkel i bruk,3900.0,,,https://images.finncdn.no/dynamic/default/2022/5/vertical-0/06/5/257/318/975_298223197.jpg,/bap/forsale/ad.html?finnkode=257318975,finn,0.22054_1
1,Vaskemaskinstativ med kurv,600.0,to dager siden,Kirkenes,https://images.finncdn.no/dynamic/480x360c/2022/6/vertical-0/06/8/261/255/638_1451550394.jpg,https://www.finn.no/bap/forsale/ad.html?finnkode=261255638,finn,0.22054_1
2,"Whirlpool AWG 812 S/PRO kommersiell vaskemaskin, spar kr 4000!",10990.0,en dag siden,Tromsø,https://images.finncdn.no/dynamic/480x480c/2022/5/vertical-5/30/4/260/389/924_1707005325.jpg,https://www.finn.no/bap/forsale/ad.html?finnkode=260389924,finn,0.22054_1
3,AEG lavamat vaskemaskin,1500.0,3. juni 2022,Bardufoss,https://images.finncdn.no/dynamic/480x640c/2022/6/vertical-0/03/8/260/904/168_905085724.jpg,https://www.finn.no/bap/forsale/ad.html?finnkode=260904168,finn,0.22054_1
4,Vaskemaskinstativ,,3. juni 2022,Alta,https://images.finncdn.no/dynamic/480x480c/2022/6/vertical-0/03/4/260/891/484_518299227.jpg,https://www.finn.no/bap/forsale/ad.html?finnkode=260891484,finn,0.22054_1
5,Electrolux PerfectCare 600 EW6F4241L2,2000.0,1. juni 2022,Moen,https://images.finncdn.no/dynamic/480x640c/2022/6/vertical-0/01/1/260/626/541_2011313748.jpg,https://www.finn.no/bap/forsale/ad.html?finnkode=260626541,finn,0.22054_1
6,"Miele vaskemaskin WER875WPS, spar 5000 kr!",18500.0,en dag siden,Tromsø,https://images.finncdn.no/dynamic/480x480c/2022/5/vertical-5/30/7/260/388/487_1232733138.jpg,https://www.finn.no/bap/forsale/ad.html?finnkode=260388487,finn,0.22054_1
7,Bosch vaskemaskin,2000.0,26. mai 2022,Lakselv,https://images.finncdn.no/dynamic/480x640c/2022/5/vertical-0/26/3/259/868/763_242607672.jpg,https://www.finn.no/bap/forsale/ad.html?finnkode=259868763,finn,0.22054_1
8,Samsung vaskemaskin med tørketrommel,6500.0,14. mai 2022,Alta,https://images.finncdn.no/dynamic/480x480c/2022/1/vertical-0/05/1/243/711/111_872787070.jpg,https://www.finn.no/bap/forsale/ad.html?finnkode=243711111,finn,0.22054_1
9,Pent brukt stekeovn med keramisk topp,3000.0,11. mai 2022,Bardufoss,https://images.finncdn.no/dynamic/480x640c/2022/5/vertical-0/11/2/258/096/772_622979846.jpg,https://www.finn.no/bap/forsale/ad.html?finnkode=258096772,finn,0.22054_1
10,"Miele PWM 507 vaskemaskin, spar over 12 000 kr!",21500.0,25. apr. 2022,Tromsø,https://images.finncdn.no/dynamic/480x480c/2022/4/vertical-5/05/0/253/883/070_457830078.jpg,https://www.finn.no/bap/forsale/ad.html?finnkode=253883070,finn,0.22054_1
11,Vaskemaskin med defekt lager,300.0,10. apr. 2022,Rotsund,https://images.finncdn.no/dynamic/480x640c/2022/4/vertical-0/10/8/254/399/028_130803795.jpg,https://www.finn.no/bap/forsale/ad.html?finnkode=254399028,finn,0.22054_1
12,Vaskemaskin og tørketrommel til salgs,,fire timer siden,Tromsdalen,https://images.finncdn.no/dynamic/480x640c/2022/6/vertical-0/08/9/261/500/969_530836607.jpg,https://www.finn.no/bap/forsale/ad.html?finnkode=261500969,finn,0.22054_1
13,vaskemaskin,3000.0,fem timer siden,Tromsø,https://images.finncdn.no/dynamic/480x640c/2022/6/vertical-0/08/5/261/488/565_282037992.jpg,https://www.finn.no/bap/forsale/ad.html?finnkode=261488565,finn,0.22054_1
14,Bosch vaskemaskin WAU28UE9SN | 24 mnd garanti | www.norskombruk.no,4790.0,åtte timer siden,Sandvika,https://images.finncdn.no/dynamic/480x360c/2022/3/vertical-5/02/7/250/072/407_1172552590.jpg,https://www.finn.no/bap/forsale/ad.html?finnkode=250072407,finn,0.22054_1
15,Samsung vaskemaskin - under ett år gammel!,5000.0,sju timer siden,Kvaløysletta,https://images.finncdn.no/dynamic/480x640c/2022/6/vertical-0/08/7/261/476/277_1000818179.jpg,https://www.finn.no/bap/forsale/ad.html?finnkode=261476277,finn,0.22054_1
16,vaskemaskin Elektrolux,,14 timer siden,Tromsø,https://images.finncdn.no/dynamic/480x640c/2022/6/vertical-0/08/6/261/423/006_1581744527.jpg,https://www.finn.no/bap/forsale/ad.html?finnkode=261423006,finn,0.22054_1
17,Electrolux ultracare eco vaskemaskin,2000.0,5. juni 2022,Tomasjord,https://images.finncdn.no/dynamic/480x640c/2022/6/vertical-0/05/9/261/074/989_1476333243.jpg,https://www.finn.no/bap/forsale/ad.html?finnkode=261074989,finn,0.22054_1
18,Stort utvalg av hvitevarer. Kjøp dine hvitevarer på nett www.norskombruk.no,3000.0,åtte timer siden,Sandvika,https://images.finncdn.no/dynamic/480x480c/2022/2/vertical-5/21/7/248/423/197_449095758.jpg,https://www.finn.no/bap/forsale/ad.html?finnkode=248423197,finn,0.22054_1
19,Liten nett toppmatet AEG vaskemaskin. Brukt 2 ganger,3200.0,3. juni 2022,Tromsdalen,https://images.finncdn.no/dynamic/480x640c/2022/6/vertical-0/03/9/260/893/929_1696471490.jpg,https://www.finn.no/bap/forsale/ad.html?finnkode=260893929,finn,0.22054_1
20,Electrolux vaskemaskin til salgs i Tromsø sentrum - reservert,1500.0,2. juni 2022,Tromsø,https://images.finncdn.no/dynamic/480x640c/2022/6/vertical-0/02/4/260/827/984_682044732.jpg,https://www.finn.no/bap/forsale/ad.html?finnkode=260827984,finn,0.22054_1
21,Nesten ny. Ny pris. 6500.brukt 3 gang.,3000.0,30. mai 2022,Tromsø,https://images.finncdn.no/dynamic/480x640c/2022/5/vertical-0/30/7/260/431/257_715329637.jpg,https://www.finn.no/bap/forsale/ad.html?finnkode=260431257,finn,0.22054_1
22,Blomberg vaskemaskin 9 kg BWG 496 W 5 med 24 mnd garanti fra www.norskombruk.no,6590.0,14 timer siden,Sandvika,https://images.finncdn.no/dynamic/480x360c/2022/6/vertical-5/08/4/261/435/724_1327166390.jpg,https://www.finn.no/bap/forsale/ad.html?finnkode=261435724,finn,0.22054_1
23,Vaskemaskin Miele,2600.0,24. mai 2022,Tromsø,https://images.finncdn.no/dynamic/480x360c/2022/5/vertical-0/24/1/259/642/721_259998416.jpg,https://www.finn.no/bap/forsale/ad.html?finnkode=259642721,finn,0.22054_1
24,Matsui vaskemaskin,2000.0,5. mai 2022,Tromsø,https://static.finncdn.no/_c/mfinn/static/images/no-image.5bf83e47.svg,https://www.finn.no/bap/forsale/ad.html?finnkode=257220288,finn,0.22054_1
25,Pumpe til vaskemaskin,200.0,21. apr. 2022,Tromsø,https://images.finncdn.no/dynamic/480x640c/2022/4/vertical-0/21/8/255/580/338_1097384408.jpg,https://www.finn.no/bap/forsale/ad.html?finnkode=255580338,finn,0.22054_1
26,"HELT NY Vaskemaskin med Tørketrommel i original emballasje selges, SPAR 1,000",5995.0,2. juni 2022,Vinterbro,https://images.finncdn.no/dynamic/480x480c/2022/6/vertical-5/02/9/260/765/579_1531571981.jpg,https://www.finn.no/bap/forsale/ad.html?finnkode=260765579,finn,0.22054_1
27,vaskemaskin tromsøområdet som sentrifugerer med 1600 o/min eller mer,,12. apr. 2022,Tromsø,https://static.finncdn.no/_c/mfinn/static/images/no-image.5bf83e47.svg,https://www.finn.no/bap/forsale/ad.html?finnkode=254597153,finn,0.22054_1
28,vaskemaskin,500.0,en time siden,Kløfta,https://images.finncdn.no/dynamic/480x360c/2022/6/vertical-0/08/1/261/524/111_1162516607.jpg,https://www.finn.no/bap/forsale/ad.html?finnkode=261524111,finn,0.22054_1
29,Vaskemaskin,4000.0,en time siden,Fjerdingby,https://images.finncdn.no/dynamic/480x640c/2022/6/vertical-0/08/3/261/521/693_2047837289.jpg,https://www.finn.no/bap/forsale/ad.html?finnkode=261521693,finn,0.22054_1
30,"HELT NY Vaskemaskin med tørketrommel i original emballasje selges, SPAR 1,000!",6495.0,2. juni 2022,Vinterbro,https://images.finncdn.no/dynamic/480x640c/2022/6/vertical-5/02/7/260/765/337_388777030.jpg,https://www.finn.no/bap/forsale/ad.html?finnkode=260765337,finn,0.22054_1
31,Vaskemaskin,2000.0,to timer siden,Fjerdingby,https://images.finncdn.no/dynamic/480x640c/2022/6/vertical-0/08/0/261/520/800_1389383161.jpg,https://www.finn.no/bap/forsale/ad.html?finnkode=261520800,finn,0.22054_1
32,motor til vaskemaskin,200.0,tre timer siden,Flateby,https://images.finncdn.no/dynamic/480x640c/2022/6/vertical-0/08/0/261/510/720_1523884881.jpg,https://www.finn.no/bap/forsale/ad.html?finnkode=261510720,finn,0.22054_1
33,Whirlpool vaskemaskin 8 kg,3500.0,tre timer siden,Sarpsborg,https://images.finncdn.no/dynamic/480x640c/2022/6/vertical-0/08/8/261/509/648_1871358779.jpg,https://www.finn.no/bap/forsale/ad.html?finnkode=261509648,finn,0.22054_1
34,Electrolux vaskemaskin EW6F6268N3 -N08527,4790.0,31. mai 2022,Sandvika,https://images.finncdn.no/dynamic/480x360c/2022/4/vertical-5/20/2/255/466/232_1563319603.jpg,https://www.finn.no/bap/forsale/ad.html?finnkode=255466232,finn,0.22054_1
35,Indesit vaskemaskin selges rimelig,500.0,tre timer siden,Halden,https://images.finncdn.no/dynamic/480x640c/2022/6/vertical-0/08/9/261/508/209_2050250778.jpg,https://www.finn.no/bap/forsale/ad.html?finnkode=261508209,finn,0.22054_1
36,Miele Vaskemaskin Softtronic W5962 Waterproof-System,4999.0,fire timer siden,Nittedal,https://images.finncdn.no/dynamic/480x640c/2022/6/vertical-0/08/2/261/505/112_1286444151.jpg,https://www.finn.no/bap/forsale/ad.html?finnkode=261505112,finn,0.22054_1
37,whirlpool Vaskemaskin,700.0,fire timer siden,Jessheim,https://images.finncdn.no/dynamic/480x640c/2022/6/vertical-0/08/7/261/496/847_1484866319.jpg,https://www.finn.no/bap/forsale/ad.html?finnkode=261496847,finn,0.22054_1
38,Stort utvalg på miele vaskemaskiner | 24 mnd garanti - www.norskombruk.no,2990.0,30. mai 2022,Sandvika,https://images.finncdn.no/dynamic/480x360c/2022/5/vertical-5/30/0/260/432/520_265477436.jpg,https://www.finn.no/bap/forsale/ad.html?finnkode=260432520,finn,0.22054_1
39,LG 6 Motion Direct Drive vaskemaskin,2500.0,seks timer siden,Manstad,https://images.finncdn.no/dynamic/480x640c/2022/6/vertical-0/08/4/261/490/144_1172812305.jpg,https://www.finn.no/bap/forsale/ad.html?finnkode=261490144,finn,0.22054_1
40,Vaskemaskin,700.0,seks timer siden,Borgenhaugen,https://images.finncdn.no/dynamic/480x640c/2022/6/vertical-0/08/5/261/488/065_169370160.jpg,https://www.finn.no/bap/forsale/ad.html?finnkode=261488065,finn,0.22054_1
41,Vaskemaskin,900.0,seks timer siden,Gjerdrum,https://images.finncdn.no/dynamic/480x360c/2022/6/vertical-0/08/2/261/484/782_1558335071.jpg,https://www.finn.no/bap/forsale/ad.html?finnkode=261484782,finn,0.22054_1
42,Samsung vask&tørk WD80T634CBE | 24 mnd garanti - www.norskombruk.no,3590.0,30. mai 2022,Sandvika,https://images.finncdn.no/dynamic/480x360c/2022/5/vertical-5/30/0/260/431/330_2054448167.jpg,https://www.finn.no/bap/forsale/ad.html?finnkode=260431330,finn,0.22054_1
43,"Gammel Zanussi vask og tørk, må hentes",,seks timer siden,Rygge,https://images.finncdn.no/dynamic/480x480c/2022/6/vertical-0/08/8/261/484/228_1270719648.jpg,https://www.finn.no/bap/forsale/ad.html?finnkode=261484228,finn,0.22054_1
44,vaskemaskin selges,500.0,sju timer siden,Fredrikstad,https://images.finncdn.no/dynamic/480x640c/2022/6/vertical-0/08/6/261/478/366_804384880.jpg,https://www.finn.no/bap/forsale/ad.html?finnkode=261478366,finn,0.22054_1
45,Vaskemaskin,500.0,sju timer siden,Drøbak,https://images.finncdn.no/dynamic/480x640c/2022/6/vertical-0/08/9/261/475/959_1073121245.jpg,https://www.finn.no/bap/forsale/ad.html?finnkode=261475959,finn,0.22054_1
46,Siemens vask&tørk WD14U5E1DN - 24 mnd garanti - www.norskombruk.no,9590.0,30. mai 2022,Sandvika,https://images.finncdn.no/dynamic/480x360c/2022/5/vertical-5/30/4/260/394/144_1395624220.jpg,https://www.finn.no/bap/forsale/ad.html?finnkode=260394144,finn,0.22054_1
47,Vaskemaskin,2100.0,åtte timer siden,Fredrikstad,https://images.finncdn.no/dynamic/480x360c/2022/6/vertical-0/08/1/261/465/121_1921539256.jpg,https://www.finn.no/bap/forsale/ad.html?finnkode=261465121,finn,0.22054_1
48,Hotpoint vaskemaskin selges,500.0,åtte timer siden,Halden,https://images.finncdn.no/dynamic/480x640c/2022/6/vertical-0/08/7/261/475/087_441473647.jpg,https://www.finn.no/bap/forsale/ad.html?finnkode=261475087,finn,0.22054_1
49,Vaskemaskin,1500.0,ni timer siden,Rykkinn,https://images.finncdn.no/dynamic/480x640c/2022/6/vertical-0/08/1/261/463/871_581561331.jpg,https://www.finn.no/bap/forsale/ad.html?finnkode=261463871,finn,0.22054_1
50,Lav pris på hvitevarer hos www.norskombruk.no | 24 mnd garanti på alle varer!,2490.0,25. mai 2022,Sandvika,https://images.finncdn.no/dynamic/480x480c/2022/4/vertical-5/19/0/253/905/070_840850502.jpg,https://www.finn.no/bap/forsale/ad.html?finnkode=253905070,finn,0.22054_1
0,Vaskemaskin Blomberg (Ny) BWX274W2 - Solid og meget enkel i bruk,3900.0,,,https://images.finncdn.no/dynamic/default/2022/5/vertical-0/06/5/257/318/975_298223197.jpg,/bap/forsale/ad.html?finnkode=257318975,finn,0.22054_4
1,Tørktrømmel,500.0,31. mai 2022,Hønefoss,https://images.finncdn.no/dynamic/480x640c/2022/5/vertical-0/30/9/260/454/529_468618402.jpg,https://www.finn.no/bap/forsale/ad.html?finnkode=260454529,finn,0.22054_4
2,Vaskemaskin selges,1000.0,31. mai 2022,Skjærhalden,https://images.finncdn.no/dynamic/480x640c/2022/5/vertical-0/31/7/260/552/437_527651312.jpg,https://www.finn.no/bap/forsale/ad.html?finnkode=260552437,finn,0.22054_4
3,Vaskemaskin,700.0,31. mai 2022,Svinndal,https://images.finncdn.no/dynamic/480x640c/2022/5/vertical-0/31/0/260/526/380_126410366.jpg,https://www.finn.no/bap/forsale/ad.html?finnkode=260526380,finn,0.22054_4
4,Siemens IQ 700 8 kg/1600 omdreininger,2499.0,1. mai 2022,Kløfta,https://images.finncdn.no/dynamic/480x640c/2022/5/vertical-5/01/6/256/825/366_1487781808.jpg,https://www.finn.no/bap/forsale/ad.html?finnkode=256825366,finn,0.22054_4
5,Gis bort,,31. mai 2022,Skiptvet,https://images.finncdn.no/dynamic/480x640c/2022/5/vertical-0/31/3/260/512/703_316168486.jpg,https://www.finn.no/bap/forsale/ad.html?finnkode=260512703,finn,0.22054_4
6,Matsui Vaskemaskin,500.0,31. mai 2022,Kongsberg,https://images.finncdn.no/dynamic/480x640c/2022/5/vertical-0/31/4/260/511/714_2070221617.jpg,https://www.finn.no/bap/forsale/ad.html?finnkode=260511714,finn,0.22054_4
7,Samsung vaskemaskin m/tørk,1500.0,31. mai 2022,Lørenskog,https://images.finncdn.no/dynamic/480x640c/2021/8/vertical-0/30/8/230/252/638_1202868923.jpg,https://www.finn.no/bap/forsale/ad.html?finnkode=230252638,finn,0.22054_4
8,Beko 8 kg/1600 med garanti,2199.0,1. mai 2022,Kløfta,https://images.finncdn.no/dynamic/480x640c/2022/5/vertical-5/01/5/256/824/295_174831624.jpg,https://www.finn.no/bap/forsale/ad.html?finnkode=256824295,finn,0.22054_4
9,Vask/tørk,1300.0,30. mai 2022,Hagan,https://images.finncdn.no/dynamic/480x640c/2022/3/vertical-0/31/6/253/249/696_867252629.jpg,https://www.finn.no/bap/forsale/ad.html?finnkode=253249696,finn,0.22054_4
10,Vaskemaskin og tørketrommel,1000.0,30. mai 2022,Halden,https://images.finncdn.no/dynamic/480x640c/2022/5/vertical-0/30/1/260/473/821_798178139.jpg,https://www.finn.no/bap/forsale/ad.html?finnkode=260473821,finn,0.22054_4
11,Vaskemaskin,1299.0,30. mai 2022,Gamle Fredrikstad,https://images.finncdn.no/dynamic/480x640c/2021/12/vertical-0/29/8/243/031/358_113672665.jpg,https://www.finn.no/bap/forsale/ad.html?finnkode=243031358,finn,0.22054_4
12,"Whirlpool 9, kg / 1400 omdreininge",2999.0,1. mai 2022,Kløfta,https://images.finncdn.no/dynamic/480x640c/2020/10/vertical-5/22/2/195/798/792_1463663595.jpg,https://www.finn.no/bap/forsale/ad.html?finnkode=195798792,finn,0.22054_4
13,Vaskemaskin,4000.0,30. mai 2022,Sarpsborg,https://images.finncdn.no/dynamic/480x640c/2022/5/vertical-0/27/9/259/989/769_1146279630.jpg,https://www.finn.no/bap/forsale/ad.html?finnkode=259989769,finn,0.22054_4
14,sentrifuge,,30. mai 2022,Fredrikstad,https://images.finncdn.no/dynamic/480x640c/2022/5/vertical-0/30/8/260/434/788_1635540977.jpg,https://www.finn.no/bap/forsale/ad.html?finnkode=260434788,finn,0.22054_4
15,tørketrommel,,30. mai 2022,Halden,https://static.finncdn.no/_c/mfinn/static/images/no-image.5bf83e47.svg,https://www.finn.no/bap/forsale/ad.html?finnkode=260391955,finn,0.22054_4
16,AEG 7 Kg 1600 omd / min. med garanti,1799.0,1. mai 2022,Kløfta,https://images.finncdn.no/dynamic/480x640c/2022/5/vertical-5/01/2/256/817/742_474523207.jpg,https://www.finn.no/bap/forsale/ad.html?finnkode=256817742,finn,0.22054_4
17,Vaskemaskin,1000.0,30. mai 2022,Vesterøy,https://images.finncdn.no/dynamic/480x640c/2022/5/vertical-0/30/9/260/394/219_1965368343.jpg,https://www.finn.no/bap/forsale/ad.html?finnkode=260394219,finn,0.22054_4
18,"Electrolux kombinert vask og tørk med damp 1600 o/min, 8 kg vask, 6 kg tørk",2200.0,30. mai 2022,Bekkestua,https://images.finncdn.no/dynamic/480x640c/2022/5/vertical-0/30/2/260/391/372_1963714904.jpg,https://www.finn.no/bap/forsale/ad.html?finnkode=260391372,finn,0.22054_4
19,vaskemaskin,800.0,30. mai 2022,Halden,https://images.finncdn.no/dynamic/480x640c/2022/5/vertical-0/30/5/260/391/745_98546089.jpg,https://www.finn.no/bap/forsale/ad.html?finnkode=260391745,finn,0.22054_4
20,AEG vaskemaskin. Modell: L6FBK865G,2998.0,29. apr. 2022,Hagan,https://images.finncdn.no/dynamic/480x640c/2022/4/vertical-5/29/0/256/498/350_1000103381.jpg,https://www.finn.no/bap/forsale/ad.html?finnkode=256498350,finn,0.22054_4
21,Vaskemaskin ønskes kjøpt,,29. mai 2022,Jessheim,https://static.finncdn.no/_c/mfinn/static/images/no-image.5bf83e47.svg,https://www.finn.no/bap/forsale/ad.html?finnkode=260360265,finn,0.22054_4
22,Veldig pen vaskemaskin vurderes solgt!,3000.0,29. mai 2022,Kongsberg,https://images.finncdn.no/dynamic/480x480c/2022/5/vertical-0/29/7/260/359/237_979020180.jpg,https://www.finn.no/bap/forsale/ad.html?finnkode=260359237,finn,0.22054_4
23,Siemens vaskemaskin,,29. mai 2022,Algarheim,https://images.finncdn.no/dynamic/480x640c/2022/5/vertical-0/29/8/260/252/128_1598158960.jpg,https://www.finn.no/bap/forsale/ad.html?finnkode=260252128,finn,0.22054_4
24,AEG 1400 omdreininger/6 kg Til 3 år garanti,2499.0,28. apr. 2022,Kløfta,https://images.finncdn.no/dynamic/480x640c/2020/7/vertical-5/03/1/183/802/251_948729962.jpg,https://www.finn.no/bap/forsale/ad.html?finnkode=183802251,finn,0.22054_4
25,"Pent brukt vaskemaskin selges, må hentes",1499.0,29. mai 2022,Hakadal,https://images.finncdn.no/dynamic/480x640c/2022/5/vertical-0/29/2/260/235/982_1088421598.jpg,https://www.finn.no/bap/forsale/ad.html?finnkode=260235982,finn,0.22054_4
26,hvitevarer,1000.0,28. mai 2022,Drøbak,https://images.finncdn.no/dynamic/480x640c/2021/8/vertical-0/15/2/228/509/092_1641238733.jpg,https://www.finn.no/bap/forsale/ad.html?finnkode=228509092,finn,0.22054_4
27,Miele W3371 Edition 111 Energiklasse A++,2800.0,28. mai 2022,Slattum,https://images.finncdn.no/dynamic/480x640c/2022/5/vertical-0/28/9/260/198/929_1345506676.jpg,https://www.finn.no/bap/forsale/ad.html?finnkode=260198929,finn,0.22054_4
28,Miele W 1617 / 6 kg,2999.0,28. apr. 2022,Kløfta,https://images.finncdn.no/dynamic/480x640c/2021/9/vertical-5/08/2/231/267/512_1619457593.jpg,https://www.finn.no/bap/forsale/ad.html?finnkode=231267512,finn,0.22054_4
29,Vaskemaskin,3100.0,28. mai 2022,Fredrikstad,https://images.finncdn.no/dynamic/480x640c/2022/5/vertical-0/28/9/260/197/119_1938995394.jpg,https://www.finn.no/bap/forsale/ad.html?finnkode=260197119,finn,0.22054_4
30,Vaskemaskin og tørketromel,,28. mai 2022,Rakkestad,https://images.finncdn.no/dynamic/480x640c/2022/5/vertical-0/28/3/260/196/233_1147884097.jpg,https://www.finn.no/bap/forsale/ad.html?finnkode=260196233,finn,0.22054_4
31,AEG Vaskemaskin AL77480F 8KG,2000.0,28. mai 2022,Gullaug,https://images.finncdn.no/dynamic/480x640c/2022/5/vertical-0/24/0/259/631/210_1831011144.jpg,https://www.finn.no/bap/forsale/ad.html?finnkode=259631210,finn,0.22054_4
32,BOSCH 8 Kg Vaskemaskin,2499.0,28. apr. 2022,Kløfta,https://images.finncdn.no/dynamic/480x640c/2022/3/vertical-5/17/4/251/699/344_372664656.jpg,https://www.finn.no/bap/forsale/ad.html?finnkode=251699344,finn,0.22054_4
33,Vaskemaskin Bosch VarioPerfect Serie 6 - som ny!,4500.0,28. mai 2022,Høvik,https://images.finncdn.no/dynamic/480x640c/2022/5/vertical-0/28/2/260/102/602_1976707094.jpg,https://www.finn.no/bap/forsale/ad.html?finnkode=260102602,finn,0.22054_4
34,Komfyr Asko,3500.0,28. mai 2022,Halden,https://images.finncdn.no/dynamic/480x640c/2022/5/vertical-0/28/9/260/089/689_436490535.jpg,https://www.finn.no/bap/forsale/ad.html?finnkode=260089689,finn,0.22054_4
35,Pent brukt vaskemaskin ønskes kjøpt. 10-12 kg.,800.0,27. mai 2022,Moss,https://images.finncdn.no/dynamic/480x640c/2022/5/vertical-0/27/1/260/068/941_2104765128.jpg,https://www.finn.no/bap/forsale/ad.html?finnkode=260068941,finn,0.22054_4
36,Ariston Hotpoint 10/7 kg Vask/tørk 1600/omdreininge,4000.0,28. apr. 2022,Kløfta,https://images.finncdn.no/dynamic/480x640c/2022/3/vertical-5/02/6/250/056/806_1100653476.jpg,https://www.finn.no/bap/forsale/ad.html?finnkode=250056806,finn,0.22054_4
37,Vaskemaskin,1000.0,27. mai 2022,Ås,https://images.finncdn.no/dynamic/480x480c/2022/5/vertical-0/27/2/260/027/272_780999823.jpg,https://www.finn.no/bap/forsale/ad.html?finnkode=260027272,finn,0.22054_4
38,LG vaskemaskin kulelager/pakning,350.0,27. mai 2022,Hønefoss,https://images.finncdn.no/dynamic/480x480c/2020/4/vertical-0/07/7/175/045/817_952736273.jpg,https://www.finn.no/bap/forsale/ad.html?finnkode=175045817,finn,0.22054_4
39,Tørketrommel. Bauknecht,,27. mai 2022,Engelsviken,https://images.finncdn.no/dynamic/480x640c/2022/5/vertical-0/27/8/260/023/648_1462332034.jpg,https://www.finn.no/bap/forsale/ad.html?finnkode=260023648,finn,0.22054_4
40,BOSCH Serie 6 Vaskemaskin med garanti,2100.0,28. apr. 2022,Kløfta,https://images.finncdn.no/dynamic/480x640c/2022/3/vertical-5/17/3/251/698/643_1982460026.jpg,https://www.finn.no/bap/forsale/ad.html?finnkode=251698643,finn,0.22054_4
41,Vaskemaskin,5000.0,27. mai 2022,Hakadal,https://images.finncdn.no/dynamic/480x360c/2022/5/vertical-0/27/1/260/018/041_1217379410.jpg,https://www.finn.no/bap/forsale/ad.html?finnkode=260018041,finn,0.22054_4
42,Stablebrett til vaskemaskin/tørketrommel,250.0,26. mai 2022,Moss,https://images.finncdn.no/dynamic/480x640c/2022/1/vertical-0/26/5/246/167/545_1730243721.jpg,https://www.finn.no/bap/forsale/ad.html?finnkode=246167545,finn,0.22054_4
43,AEG 6kg wash,800.0,26. mai 2022,Sandvika,https://images.finncdn.no/dynamic/480x640c/2022/5/vertical-0/26/5/259/904/715_306254672.jpg,https://www.finn.no/bap/forsale/ad.html?finnkode=259904715,finn,0.22054_4
44,Toppmatet vaskemaskin. Modell: EW6T4326E3.,2398.0,25. apr. 2022,Hagan,https://images.finncdn.no/dynamic/480x640c/2022/5/vertical-5/13/9/256/042/259_1374452265.jpg,https://www.finn.no/bap/forsale/ad.html?finnkode=256042259,finn,0.22054_4
45,Senz vaskemaskin selges,2000.0,26. mai 2022,Halden,https://images.finncdn.no/dynamic/480x360c/2022/5/vertical-0/26/7/259/884/297_1143364278.jpg,https://www.finn.no/bap/forsale/ad.html?finnkode=259884297,finn,0.22054_4
46,Miele Softtronic W 3245 vaskemaskin RESERVERT,1000.0,26. mai 2022,Stabekk,https://images.finncdn.no/dynamic/480x640c/2022/5/vertical-0/26/6/259/871/306_1445864384.jpg,https://www.finn.no/bap/forsale/ad.html?finnkode=259871306,finn,0.22054_4
47,Vaskemaskinslange og fire hjul til å ha under stoler og bord,50.0,25. mai 2022,Jevnaker,https://images.finncdn.no/dynamic/480x360c/2019/3/vertical-5/07/4/866/548/94_1562420246.jpg,https://www.finn.no/bap/forsale/ad.html?finnkode=86654894,finn,0.22054_4
48,"*Ryddesalg* Asko vaskemaskin og tørketrommel, selges som par eller hver for seg.",16000.0,25. apr. 2022,Sandvika,https://images.finncdn.no/dynamic/480x480c/2022/4/vertical-5/25/4/256/004/894_74748519.jpg,https://www.finn.no/bap/forsale/ad.html?finnkode=256004894,finn,0.22054_4
49,Stativ til vaskemaskin,500.0,25. mai 2022,Blommenholm,https://images.finncdn.no/dynamic/480x640c/2022/5/vertical-0/25/3/259/737/813_1064204839.jpg,https://www.finn.no/bap/forsale/ad.html?finnkode=259737813,finn,0.22054_4
50,Kombinert vaskemaskin og tørketrommel selges,1900.0,to timer siden,Askim,https://images.finncdn.no/dynamic/480x360c/2022/6/vertical-0/08/0/261/520/910_461905311.jpg,https://www.finn.no/bap/forsale/ad.html?finnkode=261520910,finn,0.22054_4
0,Vaskemaskin Blomberg (Ny) BWX274W2 - Solid og meget enkel i bruk,3900.0,,,https://images.finncdn.no/dynamic/default/2022/5/vertical-0/06/5/257/318/975_298223197.jpg,/bap/forsale/ad.html?finnkode=257318975,finn,0.22054_5
1,AEG lavamat Vaskemaskin,500.0,to timer siden,Svelvik,https://images.finncdn.no/dynamic/480x360c/2022/4/vertical-0/06/6/253/944/476_1653773099.jpg,https://www.finn.no/bap/forsale/ad.html?finnkode=253944476,finn,0.22054_5
2,Lav pris på hvitevarer hos www.norskombruk.no | 2 års garanti på alt,2900.0,24. apr. 2022,Sandvika,https://images.finncdn.no/dynamic/480x360c/2022/1/vertical-5/03/1/241/184/961_837520011.jpg,https://www.finn.no/bap/forsale/ad.html?finnkode=241184961,finn,0.22054_5
3,Samsung vask/tørk maskinen,4000.0,to timer siden,Mjøndalen,https://images.finncdn.no/dynamic/480x640c/2022/6/vertical-0/08/8/261/509/868_283681011.jpg,https://www.finn.no/bap/forsale/ad.html?finnkode=261509868,finn,0.22054_5
4,Pent brukt vaskemaskin selges,500.0,tre timer siden,Oppegård,https://images.finncdn.no/dynamic/480x640c/2022/6/vertical-0/08/7/261/510/237_366951829.png,https://www.finn.no/bap/forsale/ad.html?finnkode=261510237,finn,0.22054_5
5,BOSCH VASKEMASKIN.,1500.0,fire timer siden,Drammen,https://images.finncdn.no/dynamic/480x640c/2022/6/vertical-0/08/4/261/505/484_1297857745.jpg,https://www.finn.no/bap/forsale/ad.html?finnkode=261505484,finn,0.22054_5
6,"Nyoverhalt vaskemaskin med garanti, fritt tilkjørt",2200.0,24. apr. 2022,Lørenskog,https://images.finncdn.no/dynamic/480x640c/2018/10/vertical-5/21/0/132/107/710_392610319.jpg,https://www.finn.no/bap/forsale/ad.html?finnkode=132108102,finn,0.22054_5
7,Skuff til vaskemaskin/tørketrommel,1000.0,fire timer siden,Frogner,https://images.finncdn.no/dynamic/480x640c/2022/6/vertical-0/08/7/261/502/857_387653836.jpg,https://www.finn.no/bap/forsale/ad.html?finnkode=261502857,finn,0.22054_5
8,Whirlpool fscr 90432 frontmatet 9kg,3500.0,fire timer siden,Fetsund,https://images.finncdn.no/dynamic/480x480c/2022/6/vertical-0/08/8/261/496/918_1234461311.jpg,https://www.finn.no/bap/forsale/ad.html?finnkode=261496918,finn,0.22054_5
9,Ariston,500.0,seks timer siden,Billingstad,https://images.finncdn.no/dynamic/480x640c/2022/6/vertical-0/08/1/261/487/011_311617539.jpg,https://www.finn.no/bap/forsale/ad.html?finnkode=261487011,finn,0.22054_5
10,Bosch vaskemaskin med garanti og gratis frakt,2200.0,24. apr. 2022,Moss,https://images.finncdn.no/dynamic/480x640c/2019/4/vertical-5/09/0/138/727/030_221212529.jpg,https://www.finn.no/bap/forsale/ad.html?finnkode=144606445,finn,0.22054_5
11,vaskemaskin.,3000.0,sju timer siden,Drammen,https://images.finncdn.no/dynamic/480x480c/2022/6/vertical-0/08/2/261/477/312_1495835750.jpg,https://www.finn.no/bap/forsale/ad.html?finnkode=261477312,finn,0.22054_5
12,Vaskemaskin  Candy,1500.0,ni timer siden,Fetsund,https://images.finncdn.no/dynamic/480x640c/2022/6/vertical-0/08/6/261/467/006_1436126862.jpg,https://www.finn.no/bap/forsale/ad.html?finnkode=261467006,finn,0.22054_5
13,Vaskemaskin Hotpoint,1800.0,ni timer siden,Fetsund,https://images.finncdn.no/dynamic/480x640c/2022/6/vertical-0/08/1/261/466/301_1243513879.jpg,https://www.finn.no/bap/forsale/ad.html?finnkode=261466301,finn,0.22054_5
14,Vaskemaskin fra AEG. Modell: L7FQS966E2,4498.0,22. apr. 2022,Hagan,https://images.finncdn.no/dynamic/480x480c/2022/5/vertical-5/30/1/255/674/251_83227662.jpg,https://www.finn.no/bap/forsale/ad.html?finnkode=255674251,finn,0.22054_5
15,Pent brukt vaskemaskin selges,500.0,23. mai 2022,Moss,https://images.finncdn.no/dynamic/480x640c/2022/5/vertical-0/23/7/259/538/007_1823152961.jpg,https://www.finn.no/bap/forsale/ad.html?finnkode=259538007,finn,0.22054_5
16,Vaskemaskin selges,500.0,en dag siden,Drammen,https://images.finncdn.no/dynamic/480x360c/2022/6/vertical-0/07/0/261/401/940_1775500575.jpg,https://www.finn.no/bap/forsale/ad.html?finnkode=261401940,finn,0.22054_5
17,Vaskemaskin,1700.0,en dag siden,Skedsmokorset,https://images.finncdn.no/dynamic/480x640c/2022/6/vertical-0/07/2/261/397/452_1517161598.jpg,https://www.finn.no/bap/forsale/ad.html?finnkode=261397452,finn,0.22054_5
18,Electrolux Vaskemaskin EW8F8661U1 - 24 mnd garanti - www.norskombruk.no,5990.0,21. apr. 2022,Sandvika,https://images.finncdn.no/dynamic/480x360c/2022/4/vertical-5/19/3/254/091/313_638051000.jpg,https://www.finn.no/bap/forsale/ad.html?finnkode=254091313,finn,0.22054_5
19,Vaskemaskin,1500.0,en dag siden,Hønefoss,https://images.finncdn.no/dynamic/480x640c/2022/6/vertical-0/07/7/261/396/667_398209290.jpg,https://www.finn.no/bap/forsale/ad.html?finnkode=261396667,finn,0.22054_5
20,vaskemaskin,1000.0,en dag siden,Langhus,https://images.finncdn.no/dynamic/480x640c/2022/6/vertical-0/07/6/261/379/486_858684817.jpg,https://www.finn.no/bap/forsale/ad.html?finnkode=261379486,finn,0.22054_5
21,Vaskemaskin :),2000.0,en dag siden,Mysen,https://images.finncdn.no/dynamic/480x640c/2022/6/vertical-0/07/3/261/364/003_1148736093.jpg,https://www.finn.no/bap/forsale/ad.html?finnkode=261364003,finn,0.22054_5
22,WOW; Spar 2000 LG Vask/tørk CV50T6S2E,6795.0,11. mai 2022,Drammen,https://images.finncdn.no/dynamic/480x640c/2022/2/vertical-5/11/5/248/040/905_1599149058.jpg,https://www.finn.no/bap/forsale/ad.html?finnkode=248040905,finn,0.22054_5
23,vaskemaskin,1000.0,en dag siden,Askim,https://images.finncdn.no/dynamic/480x640c/2022/6/vertical-0/07/3/261/365/283_117165257.jpg,https://www.finn.no/bap/forsale/ad.html?finnkode=261365283,finn,0.22054_5
24,Vaskemaskin og Tørketrommel - RESERVERT,3000.0,en dag siden,Drammen,https://images.finncdn.no/dynamic/480x640c/2022/6/vertical-0/07/5/261/360/145_1651675026.jpg,https://www.finn.no/bap/forsale/ad.html?finnkode=261360145,finn,0.22054_5
25,Vaskemaskin,2500.0,en dag siden,Mysen,https://images.finncdn.no/dynamic/480x640c/2022/6/vertical-0/07/9/261/353/159_1984272938.jpg,https://www.finn.no/bap/forsale/ad.html?finnkode=261353159,finn,0.22054_5
26,WOW! Spar KR.1605 Samsung Vaskemaskin WW95TA047AE,4890.0,11. mai 2022,Drammen,https://images.finncdn.no/dynamic/480x640c/2022/1/vertical-5/05/5/243/723/935_1963575070.jpg,https://www.finn.no/bap/forsale/ad.html?finnkode=243723935,finn,0.22054_5
27,Vaskemaskin,1000.0,en dag siden,Drammen,https://images.finncdn.no/dynamic/480x640c/2022/6/vertical-0/07/6/261/336/006_1801696848.jpg,https://www.finn.no/bap/forsale/ad.html?finnkode=261336006,finn,0.22054_5
28,vaskemaskine,1200.0,23. mai 2022,Yven,https://images.finncdn.no/dynamic/480x640c/2022/5/vertical-0/23/0/259/460/880_1013039742.jpg,https://www.finn.no/bap/forsale/ad.html?finnkode=259460880,finn,0.22054_5
29,Vaskemaskin selges rimelig,500.0,en dag siden,Lillestrøm,https://images.finncdn.no/dynamic/480x640c/2022/6/vertical-0/07/0/261/315/240_2102064789.jpg,https://www.finn.no/bap/forsale/ad.html?finnkode=261315240,finn,0.22054_5
30,WOW! Spar KR.3005 Samsung Vaskemaskin WW95T956ASE,8990.0,11. mai 2022,Drammen,https://images.finncdn.no/dynamic/480x640c/2022/1/vertical-5/05/6/243/723/006_120965735.jpg,https://www.finn.no/bap/forsale/ad.html?finnkode=243723006,finn,0.22054_5
31,Vaskemaskin fra Electrolux,1500.0,to dager siden,Nesøya,https://images.finncdn.no/dynamic/480x640c/2022/6/vertical-0/06/8/261/241/388_118997284.jpg,https://www.finn.no/bap/forsale/ad.html?finnkode=261241388,finn,0.22054_5
32,Lite brukt Candy kombinert vaskemaskin og tørketrommel,3000.0,to dager siden,Drammen,https://images.finncdn.no/dynamic/480x640c/2022/6/vertical-0/06/6/261/235/216_1003891595.jpg,https://www.finn.no/bap/forsale/ad.html?finnkode=261235216,finn,0.22054_5
33,Toppmodell AEG Vask/Tørk m/defekt kulelager,500.0,to dager siden,Bødalen,https://images.finncdn.no/dynamic/480x640c/2022/6/vertical-0/06/9/261/232/589_1185147250.jpg,https://www.finn.no/bap/forsale/ad.html?finnkode=261232589,finn,0.22054_5
34,WOW! Spar KR.2005 SAMSUNG Vaskemaskin WW95T634CAE,5990.0,11. mai 2022,Drammen,https://images.finncdn.no/dynamic/480x640c/2022/1/vertical-5/05/4/243/723/454_833743990.jpg,https://www.finn.no/bap/forsale/ad.html?finnkode=243723454,finn,0.22054_5
35,vaskemaskin,2900.0,to dager siden,Kolbotn,https://images.finncdn.no/dynamic/480x640c/2022/6/vertical-0/06/4/261/230/884_1711878246.jpg,https://www.finn.no/bap/forsale/ad.html?finnkode=261230884,finn,0.22054_5
36,Vaskemaskin,500.0,to dager siden,Røyken,https://images.finncdn.no/dynamic/480x640c/2022/6/vertical-0/06/6/261/223/666_954570778.jpg,https://www.finn.no/bap/forsale/ad.html?finnkode=261223666,finn,0.22054_5
37,vask/tørk,,tre dager siden,Drammen,https://images.finncdn.no/dynamic/480x640c/2022/6/vertical-0/06/7/261/197/457_515687129.jpg,https://www.finn.no/bap/forsale/ad.html?finnkode=261197457,finn,0.22054_5
38,"BRUKT; Vaskemaskin frontinnlegg fra kr 2000,- med garanti",2000.0,3. mai 2022,Asker,https://images.finncdn.no/dynamic/480x360c/2017/11/vertical-5/01/1/804/322/31_1764815348.jpg,https://www.finn.no/bap/forsale/ad.html?finnkode=80432231,finn,0.22054_5
39,Hotpoint oppvask.,1800.0,21. mai 2022,Vestby,https://images.finncdn.no/dynamic/480x360c/2020/12/vertical-0/12/9/201/476/679_1574999897.jpg,https://www.finn.no/bap/forsale/ad.html?finnkode=201476679,finn,0.22054_5
40,Vaskemaskin,1000.0,21. mai 2022,Lampeland,https://images.finncdn.no/dynamic/480x360c/2022/5/vertical-0/21/2/259/239/432_1391278306.jpg,https://www.finn.no/bap/forsale/ad.html?finnkode=259239432,finn,0.22054_5
41,"Reservert..Vask/tørk Kombi vaskemaskin, LG, 2020 mod, nesten som ny",4500.0,21. mai 2022,Son,https://images.finncdn.no/dynamic/480x640c/2022/5/vertical-0/21/2/259/234/052_78115557.jpg,https://www.finn.no/bap/forsale/ad.html?finnkode=259234052,finn,0.22054_5
42,BRUKT; Vaskemaskiner med garanti,2000.0,26. apr. 2022,Drammen,https://images.finncdn.no/dynamic/480x360c/2017/11/vertical-5/02/6/804/322/86_524015980.jpg,https://www.finn.no/bap/forsale/ad.html?finnkode=80432286,finn,0.22054_5
43,LG vask og tørk ubrukt,6000.0,21. mai 2022,Hakadal,https://images.finncdn.no/dynamic/480x640c/2022/5/vertical-0/21/0/259/226/810_1437158818.jpg,https://www.finn.no/bap/forsale/ad.html?finnkode=259226810,finn,0.22054_5
44,"vaskemaskin, defekt",,21. mai 2022,Greåker,https://images.finncdn.no/dynamic/480x360c/2022/5/vertical-0/21/7/259/183/787_1950498755.jpg,https://www.finn.no/bap/forsale/ad.html?finnkode=259183787,finn,0.22054_5
45,Whirlpool vaskemaskin billig!,200.0,5. juni 2022,Sørumsand,https://images.finncdn.no/dynamic/480x640c/2022/6/vertical-0/05/4/261/154/784_2049685102.jpg,https://www.finn.no/bap/forsale/ad.html?finnkode=261154784,finn,0.22054_5
46,BRUKTE; Vaskemaskiner fra kr.2000 - Garanti,2000.0,26. apr. 2022,Drammen,https://images.finncdn.no/dynamic/480x360c/2016/7/vertical-5/28/6/796/611/56_1201028078.jpg,https://www.finn.no/bap/forsale/ad.html?finnkode=79661156,finn,0.22054_5
47,"vaskemaskin (selger også Komfry, oppvaskmaskin, kjøleskap,  tørketrommel)",4000.0,5. juni 2022,Borgen,https://images.finncdn.no/dynamic/480x640c/2022/6/vertical-0/05/3/261/125/853_1971031257.png,https://www.finn.no/bap/forsale/ad.html?finnkode=261125853,finn,0.22054_5
48,Bauknecht WATK Sense 117D6 EU  11 kg Vask/ 7 kg Tørk lite brukt,6000.0,5. juni 2022,Drammen,https://images.finncdn.no/dynamic/480x640c/2022/6/vertical-0/05/4/261/102/544_1351891222.jpg,https://www.finn.no/bap/forsale/ad.html?finnkode=261102544,finn,0.22054_5
49,AEG - ØKO LAVAMAT 73620 update,4000.0,20. mai 2022,Høvik,https://images.finncdn.no/dynamic/480x640c/2022/3/vertical-0/20/4/252/043/454_258948143.jpg,https://www.finn.no/bap/forsale/ad.html?finnkode=252043454,finn,0.22054_5
50,SPAR: 7000! Asko Professional vaskemaskin WMC8943PCS (rustfritt stål),32995.0,13. apr. 2022,Ski,https://images.finncdn.no/dynamic/480x640c/2022/4/vertical-5/13/2/254/719/822_213585671.jpg,https://www.finn.no/bap/forsale/ad.html?finnkode=254719822,finn,0.22054_5
0,Vaskemaskin Blomberg (Ny) BWX274W2 - Solid og meget enkel i bruk,3900.0,6. mai 2022,Moss,https://images.finncdn.no/dynamic/480x640c/2022/5/vertical-0/06/5/257/318/975_298223197.jpg,https://www.finn.no/bap/forsale/ad.html?finnkode=257318975,finn,0.22054_7
1,vaskemaskin RESERVERT,,28. mai 2022,Vollen,https://images.finncdn.no/dynamic/480x640c/2022/5/vertical-0/28/2/260/185/092_826458384.jpg,https://www.finn.no/bap/forsale/ad.html?finnkode=260185092,finn,0.22054_7
2,Vaskemaskin med feil,,28. mai 2022,Asker,https://images.finncdn.no/dynamic/480x640c/2022/5/vertical-0/28/8/260/146/898_1201042859.jpg,https://www.finn.no/bap/forsale/ad.html?finnkode=260146898,finn,0.22054_7
3,AEG vaskemaskin  selges rimelig,750.0,28. mai 2022,Heggedal,https://images.finncdn.no/dynamic/480x640c/2022/5/vertical-0/28/0/260/144/770_302251007.jpg,https://www.finn.no/bap/forsale/ad.html?finnkode=260144770,finn,0.22054_7
4,vaskemaskin,1500.0,28. mai 2022,Ski,https://images.finncdn.no/dynamic/480x480c/2022/5/vertical-0/28/8/260/131/478_289812717.jpg,https://www.finn.no/bap/forsale/ad.html?finnkode=260131478,finn,0.22054_7
5,Vaskemaskin Indesit WMD 742,1500.0,10. mai 2022,Hosle,https://images.finncdn.no/dynamic/480x640c/2021/11/vertical-0/28/5/240/233/965_1243264190.jpg,https://www.finn.no/bap/forsale/ad.html?finnkode=240233965,finn,0.22054_7
6,Electrolux vaskemaskin,15000.0,10. mai 2022,Ytre Enebakk,https://images.finncdn.no/dynamic/480x640c/2022/5/vertical-0/10/1/257/864/111_290588858.jpg,https://www.finn.no/bap/forsale/ad.html?finnkode=257864111,finn,0.22054_7
7,Miele Vaskemaskin novotronic W 1514,1999.0,10. mai 2022,Slattum,https://images.finncdn.no/dynamic/480x640c/2022/5/vertical-0/10/4/257/845/284_1441783133.jpg,https://www.finn.no/bap/forsale/ad.html?finnkode=257845284,finn,0.22054_7
8,tørket,2500.0,27. mai 2022,Drammen,https://images.finncdn.no/dynamic/480x640c/2022/5/vertical-0/27/1/260/075/911_1386593516.jpg,https://www.finn.no/bap/forsale/ad.html?finnkode=260075911,finn,0.22054_7
9,HiSense vaskemaskin brukt i 2 uker! 9 KG,5000.0,27. mai 2022,Gan,https://images.finncdn.no/dynamic/480x640c/2022/5/vertical-0/27/8/260/064/628_596292922.jpg,https://www.finn.no/bap/forsale/ad.html?finnkode=260064628,finn,0.22054_7
10,10-15 ganger brukt vaskemaskin! BOSCH,1900.0,27. mai 2022,Drammen,https://images.finncdn.no/dynamic/480x640c/2022/5/vertical-0/27/0/260/054/050_1213316542.jpg,https://www.finn.no/bap/forsale/ad.html?finnkode=260054050,finn,0.22054_7
11,Tørkemaskin,350.0,9. mai 2022,Lørenskog,https://images.finncdn.no/dynamic/480x360c/2021/12/vertical-0/27/8/242/841/748_1966893959.jpg,https://www.finn.no/bap/forsale/ad.html?finnkode=242841748,finn,0.22054_7
12,Samsung stableramme,500.0,9. mai 2022,Rykkinn,https://images.finncdn.no/dynamic/480x640c/2022/5/vertical-0/09/5/257/765/055_395254410.jpg,https://www.finn.no/bap/forsale/ad.html?finnkode=257765055,finn,0.22054_7
13,vaskemaskin ønskes kjøpt,,26. mai 2022,Krokstadelva,https://images.finncdn.no/dynamic/480x640c/2022/5/vertical-0/26/0/259/958/930_515299413.jpg,https://www.finn.no/bap/forsale/ad.html?finnkode=259958930,finn,0.22054_7
14,AEG Vaskemaskin Virker ikke som den skal,,26. mai 2022,Frogner,https://images.finncdn.no/dynamic/480x640c/2022/5/vertical-0/26/2/259/901/882_309996619.jpg,https://www.finn.no/bap/forsale/ad.html?finnkode=259901882,finn,0.22054_7
15,Miele vaskemaskin,2500.0,8. mai 2022,Maura,https://images.finncdn.no/dynamic/480x640c/2022/5/vertical-0/08/5/257/587/875_959250019.jpg,https://www.finn.no/bap/forsale/ad.html?finnkode=257587875,finn,0.22054_7
16,Vaskemaskin AEG,500.0,Solgt,Dal,https://images.finncdn.no/dynamic/480x640c/2022/5/vertical-0/08/8/257/569/528_973258489.jpg,https://www.finn.no/bap/forsale/ad.html?finnkode=257569528,finn,0.22054_7
17,Vaskemaskin,1500.0,25. mai 2022,Røyken,https://images.finncdn.no/dynamic/480x480c/2022/2/vertical-0/15/8/247/707/648_1314437265.jpg,https://www.finn.no/bap/forsale/ad.html?finnkode=247707648,finn,0.22054_7
18,Vaskemaskin ønskes Max 500kr.,,6. mai 2022,Lysaker,https://static.finncdn.no/_c/mfinn/static/images/no-image.5bf83e47.svg,https://www.finn.no/bap/forsale/ad.html?finnkode=257353421,finn,0.22054_7
19,vaskemaskiner,,6. mai 2022,Bekkestua,https://images.finncdn.no/dynamic/480x640c/2022/5/vertical-0/06/5/257/324/755_1983410646.jpg,https://www.finn.no/bap/forsale/ad.html?finnkode=257324755,finn,0.22054_7
20,Vaskemaskinstativ med kurv,800.0,6. mai 2022,Fjerdingby,https://images.finncdn.no/dynamic/480x480c/2022/1/vertical-0/04/7/243/572/137_2013777490.jpg,https://www.finn.no/bap/forsale/ad.html?finnkode=243572137,finn,0.22054_7
21,Mate til vaske og tørke maskin,200.0,24. mai 2022,Strømmen,https://images.finncdn.no/dynamic/480x640c/2022/5/vertical-0/24/0/259/628/200_567348830.jpg,https://www.finn.no/bap/forsale/ad.html?finnkode=259628200,finn,0.22054_7
22,UNIK MULIGHET,2333.0,5. mai 2022,Sellebakk,https://images.finncdn.no/dynamic/480x640c/2021/11/vertical-0/02/6/237/431/846_1495325975.jpg,https://www.finn.no/bap/forsale/ad.html?finnkode=237431846,finn,0.22054_7
23,Vaskemaskinslanger,90.0,5. mai 2022,Kongsberg,https://images.finncdn.no/dynamic/480x640c/2022/5/vertical-0/05/0/257/222/180_1306934549.jpg,https://www.finn.no/bap/forsale/ad.html?finnkode=257222180,finn,0.22054_7
24,Miele vaskemaskin,500.0,4. mai 2022,Rakkestad,https://images.finncdn.no/dynamic/480x640c/2022/4/vertical-0/28/1/256/453/691_1726632622.jpg,https://www.finn.no/bap/forsale/ad.html?finnkode=256453691,finn,0.22054_7
25,vaskemaskin,3500.0,22. mai 2022,Mjøndalen,https://images.finncdn.no/dynamic/480x360c/2022/5/vertical-0/22/8/259/386/418_1189679367.jpg,https://www.finn.no/bap/forsale/ad.html?finnkode=259386418,finn,0.22054_7
26,Hotpoint vaskemaskin selges,750.0,22. mai 2022,Kongsberg,https://images.finncdn.no/dynamic/480x360c/2022/5/vertical-0/22/9/259/375/719_968405675.jpg,https://www.finn.no/bap/forsale/ad.html?finnkode=259375719,finn,0.22054_7
27,Lite brukt Miele,2000.0,3. mai 2022,Svene,https://images.finncdn.no/dynamic/480x640c/2022/5/vertical-0/03/5/256/972/255_1636316315.jpg,https://www.finn.no/bap/forsale/ad.html?finnkode=256972255,finn,0.22054_7
28,Suveren SAMSUNG vaskemaskin m/tørketrommel,7000.0,3. mai 2022,Eidsvoll Verk,https://images.finncdn.no/dynamic/480x640c/2022/5/vertical-0/03/3/256/969/263_1159739960.jpg,https://www.finn.no/bap/forsale/ad.html?finnkode=256969263,finn,0.22054_7
29,Proffe vaskemaskiner og tørketromler i alle størrelser,,22. mai 2022,Trollåsen,https://images.finncdn.no/dynamic/480x360c/2020/9/vertical-0/13/0/191/376/980_1665837409.jpg,https://www.finn.no/bap/forsale/ad.html?finnkode=191376980,finn,0.22054_7
30,Tørketrommel tilsalgs,1000.0,21. mai 2022,Strømmen,https://images.finncdn.no/dynamic/480x640c/2022/1/vertical-0/16/7/245/047/767_354323499.jpg,https://www.finn.no/bap/forsale/ad.html?finnkode=245047767,finn,0.22054_7
31,vaskemaskin,1550.0,2. mai 2022,Fredrikstad,https://images.finncdn.no/dynamic/480x640c/2022/5/vertical-0/02/8/256/909/798_1682716244.jpg,https://www.finn.no/bap/forsale/ad.html?finnkode=256909798,finn,0.22054_7
32,"AEG lavamat. Lite brukt. 1000,-.",1000.0,2. mai 2022,Kongsberg,https://images.finncdn.no/dynamic/480x480c/2022/5/vertical-0/02/3/256/890/653_750982064.jpg,https://www.finn.no/bap/forsale/ad.html?finnkode=256890653,finn,0.22054_7
33,Miele vaskemaskin gis bort,,2. mai 2022,Gamle Fredrikstad,https://images.finncdn.no/dynamic/480x640c/2022/5/vertical-0/02/1/256/886/381_350969748.jpg,https://www.finn.no/bap/forsale/ad.html?finnkode=256886381,finn,0.22054_7
34,Blomberg vaskemaskin selges billig!,3000.0,21. mai 2022,Drammen,https://images.finncdn.no/dynamic/480x640c/2021/10/vertical-0/10/2/234/862/962_1234558336.jpg,https://www.finn.no/bap/forsale/ad.html?finnkode=234862962,finn,0.22054_7
35,Miele vaskemaskin W3365 softtronic,2500.0,2. mai 2022,Hakadal,https://images.finncdn.no/dynamic/480x640c/2022/5/vertical-0/02/8/256/846/328_458196739.jpg,https://www.finn.no/bap/forsale/ad.html?finnkode=256846328,finn,0.22054_7
36,Forhøyningssokkel til vaskemaskin.,500.0,21. mai 2022,Oppegård,https://images.finncdn.no/dynamic/480x640c/2022/5/vertical-0/21/2/259/212/762_1838218213.jpg,https://www.finn.no/bap/forsale/ad.html?finnkode=259212762,finn,0.22054_7
37,Miele vaskemaskin pumpe deler,,1. mai 2022,Årnes,https://images.finncdn.no/dynamic/480x640c/2022/5/vertical-0/01/3/256/759/233_234243916.jpg,https://www.finn.no/bap/forsale/ad.html?finnkode=256759233,finn,0.22054_7
38,Vaskemaskin HBO,2500.0,20. mai 2022,Oppegård,https://images.finncdn.no/dynamic/480x640c/2022/5/vertical-0/20/2/259/144/222_858577908.jpg,https://www.finn.no/bap/forsale/ad.html?finnkode=259144222,finn,0.22054_7
39,LG  Twinwasch minivaskemaskin Lst100,5000.0,20. mai 2022,Solbergelva,https://images.finncdn.no/dynamic/480x640c/2021/3/vertical-0/20/9/211/865/479_411180535.jpg,https://www.finn.no/bap/forsale/ad.html?finnkode=211865479,finn,0.22054_7
40,Vaskemaskin gis bort,,30. apr. 2022,Vestby,https://images.finncdn.no/dynamic/480x640c/2022/4/vertical-0/30/5/256/668/895_2020925162.jpg,https://www.finn.no/bap/forsale/ad.html?finnkode=256668895,finn,0.22054_7
41,Maskin for Yogurt,600.0,30. apr. 2022,Yven,https://images.finncdn.no/dynamic/480x640c/2022/4/vertical-0/30/5/256/579/035_26040970.jpg,https://www.finn.no/bap/forsale/ad.html?finnkode=256579035,finn,0.22054_7
42,vaskemaskin,2300.0,29. apr. 2022,Vikersund,https://images.finncdn.no/dynamic/480x640c/2022/4/vertical-0/29/6/256/548/776_387571665.jpg,https://www.finn.no/bap/forsale/ad.html?finnkode=256548776,finn,0.22054_7
43,"Slange med aquastop til vaskemaskin (1,5 meter)",200.0,19. mai 2022,Trollåsen,https://images.finncdn.no/dynamic/480x640c/2020/8/vertical-0/23/6/188/982/006_839237459.jpg,https://www.finn.no/bap/forsale/ad.html?finnkode=188982006,finn,0.22054_7
44,AEG 7000 DUALSENSE 8KG vaskemaskin og tørketrommel,1000.0,29. apr. 2022,Kongsberg,https://images.finncdn.no/dynamic/480x480c/2022/4/vertical-0/29/2/256/494/292_293995477.jpg,https://www.finn.no/bap/forsale/ad.html?finnkode=256494292,finn,0.22054_7
45,AEG Øko Lavamat vaskemaskin,1200.0,19. mai 2022,Drammen,https://images.finncdn.no/dynamic/480x640c/2022/3/vertical-0/19/3/251/899/073_2140210179.jpg,https://www.finn.no/bap/forsale/ad.html?finnkode=251899073,finn,0.22054_7
46,Rimelig vaskemaskin,800.0,18. mai 2022,Nesbru,https://images.finncdn.no/dynamic/480x480c/2022/5/vertical-0/18/0/258/933/680_2121973353.jpg,https://www.finn.no/bap/forsale/ad.html?finnkode=258933680,finn,0.22054_7
47,vaskemaskin,6000.0,28. apr. 2022,Sandvika,https://images.finncdn.no/dynamic/480x640c/2021/9/vertical-0/17/2/232/225/022_1115330534.jpg,https://www.finn.no/bap/forsale/ad.html?finnkode=232225022,finn,0.22054_7
48,Samsung Vaskemaskin WW90J6603AW,2500.0,28. apr. 2022,Gamle Fredrikstad,https://images.finncdn.no/dynamic/480x640c/2022/4/vertical-0/28/7/256/451/427_672989945.jpg,https://www.finn.no/bap/forsale/ad.html?finnkode=256451427,finn,0.22054_7
49,Samsung vaskemaskin selges,300.0,28. apr. 2022,Hokksund,https://images.finncdn.no/dynamic/480x640c/2022/2/vertical-0/21/3/249/171/473_155458727.jpg,https://www.finn.no/bap/forsale/ad.html?finnkode=249171473,finn,0.22054_7
0,Vaskemaskin Blomberg (Ny) BWX274W2 - Solid og meget enkel i bruk,3900.0,,,https://images.finncdn.no/dynamic/default/2022/5/vertical-0/06/5/257/318/975_298223197.jpg,/bap/forsale/ad.html?finnkode=257318975,finn,0.22054_6
1,Samsung kombinert vask/tørk,4900.0,5. juni 2022,Billingstad,https://images.finncdn.no/dynamic/480x640c/2022/6/vertical-0/05/9/261/075/529_415414576.jpg,https://www.finn.no/bap/forsale/ad.html?finnkode=261075529,finn,0.22054_6
2,Vaskemaskin,1500.0,5. juni 2022,Skjetten,https://images.finncdn.no/dynamic/480x640c/2022/6/vertical-0/05/1/261/071/541_1668401291.jpg,https://www.finn.no/bap/forsale/ad.html?finnkode=261071541,finn,0.22054_6
3,Vaskemaskin,4000.0,20. mai 2022,Rolvsøy,https://images.finncdn.no/dynamic/480x640c/2022/5/vertical-0/20/7/259/122/207_1858578275.jpg,https://www.finn.no/bap/forsale/ad.html?finnkode=259122207,finn,0.22054_6
4,Vibrasjonsdempere - vaskemaskin og tørketrommel,100.0,20. mai 2022,Maura,https://images.finncdn.no/dynamic/480x360c/2022/3/vertical-0/10/0/250/847/430_631751585.jpg,https://www.finn.no/bap/forsale/ad.html?finnkode=250847430,finn,0.22054_6
5,vaskemaskin,500.0,20. mai 2022,Haslum,https://images.finncdn.no/dynamic/480x640c/2022/5/vertical-0/20/6/259/092/156_255364501.jpg,https://www.finn.no/bap/forsale/ad.html?finnkode=259092156,finn,0.22054_6
6,Samsung WD6300T vaskemaskin/tørketrommel WD95T634CBH,6500.0,20. mai 2022,Ytre Enebakk,https://images.finncdn.no/dynamic/480x640c/2022/5/vertical-0/20/5/259/084/725_1393374445.jpg,https://www.finn.no/bap/forsale/ad.html?finnkode=259084725,finn,0.22054_6
7,Vaskemaskin whirpool,900.0,4. juni 2022,Frogner,https://images.finncdn.no/dynamic/480x640c/2022/6/vertical-0/04/4/261/030/564_1121455269.jpg,https://www.finn.no/bap/forsale/ad.html?finnkode=261030564,finn,0.22054_6
8,vaskemaskin,4500.0,19. mai 2022,Sarpsborg,https://images.finncdn.no/dynamic/480x360c/2022/3/vertical-0/19/0/251/909/150_767739499.jpg,https://www.finn.no/bap/forsale/ad.html?finnkode=251909150,finn,0.22054_6
9,GRUNDIG vaskemaskin 10 års garanti,5000.0,19. mai 2022,Skotselv,https://images.finncdn.no/dynamic/480x640c/2022/5/vertical-0/19/4/258/957/424_1152033696.jpg,https://www.finn.no/bap/forsale/ad.html?finnkode=258957424,finn,0.22054_6
10,Whirlpool AWO/D 4732,,4. juni 2022,Fetsund,https://images.finncdn.no/dynamic/480x640c/2020/8/vertical-0/08/4/187/340/074_332946141.jpg,https://www.finn.no/bap/forsale/ad.html?finnkode=187340074,finn,0.22054_6
11,Vaskemaskin,1400.0,4. juni 2022,Strømmen,https://images.finncdn.no/dynamic/480x640c/2022/6/vertical-0/04/0/260/959/510_87781156.jpg,https://www.finn.no/bap/forsale/ad.html?finnkode=260959510,finn,0.22054_6
12,Whirlpool vaskemaskin Awo/D 5024,2000.0,18. mai 2022,Ås,https://images.finncdn.no/dynamic/480x640c/2022/5/vertical-0/18/8/258/916/788_1487547566.jpg,https://www.finn.no/bap/forsale/ad.html?finnkode=258916788,finn,0.22054_6
13,Magnetventil 3 veis rett ASKO vaskemaskin,200.0,3. juni 2022,Mysen,https://images.finncdn.no/dynamic/480x360c/2022/1/vertical-0/24/0/245/987/940_527851981.jpg,https://www.finn.no/bap/forsale/ad.html?finnkode=245987940,finn,0.22054_6
14,Vaskemaskin,800.0,3. juni 2022,Drammen,https://images.finncdn.no/dynamic/480x640c/2022/6/vertical-0/03/4/260/941/184_873366517.jpg,https://www.finn.no/bap/forsale/ad.html?finnkode=260941184,finn,0.22054_6
15,Vaskemaskin Grundig GWN 37430,1800.0,3. juni 2022,Kjeller,https://images.finncdn.no/dynamic/480x640c/2022/6/vertical-0/03/3/260/914/523_1719807352.jpg,https://www.finn.no/bap/forsale/ad.html?finnkode=260914523,finn,0.22054_6
16,Electrolux  vaskemaskin,2500.0,3. juni 2022,Sørumsand,https://images.finncdn.no/dynamic/480x640c/2022/6/vertical-0/03/4/260/913/324_1185776159.jpg,https://www.finn.no/bap/forsale/ad.html?finnkode=260913324,finn,0.22054_6
17,AEG lavamat 7kg,1500.0,3. juni 2022,Sørumsand,https://images.finncdn.no/dynamic/480x640c/2022/6/vertical-0/03/8/260/912/358_160885173.jpg,https://www.finn.no/bap/forsale/ad.html?finnkode=260912358,finn,0.22054_6
18,vaskemaskin AEG Turnamat som den på bildet over her fra 1961 etterlyses,,18. mai 2022,Årnes,https://images.finncdn.no/dynamic/480x360c/2022/3/vertical-0/19/5/251/802/505_92406317.jpg,https://www.finn.no/bap/forsale/ad.html?finnkode=251802505,finn,0.22054_6
19,LG kombi vaskemaskin-tørketrommel,500.0,3. juni 2022,Drammen,https://images.finncdn.no/dynamic/480x640c/2022/2/vertical-0/16/4/248/662/334_40521741.jpg,https://www.finn.no/bap/forsale/ad.html?finnkode=248662334,finn,0.22054_6
20,Splitter ny vaskemaskin selges!,4500.0,3. juni 2022,Lillestrøm,https://images.finncdn.no/dynamic/480x640c/2022/6/vertical-0/03/5/260/888/855_3188641.jpg,https://www.finn.no/bap/forsale/ad.html?finnkode=260888855,finn,0.22054_6
21,Elextrolux vaskemaskin,3000.0,18. mai 2022,Lørenskog,https://images.finncdn.no/dynamic/480x480c/2022/5/vertical-0/18/9/258/817/449_2101476154.jpg,https://www.finn.no/bap/forsale/ad.html?finnkode=258817449,finn,0.22054_6
22,logixx8 Bosch vaskemaskin selges,600.0,17. mai 2022,Ås,https://images.finncdn.no/dynamic/480x640c/2022/5/vertical-0/17/6/258/810/126_1019466160.jpg,https://www.finn.no/bap/forsale/ad.html?finnkode=258810126,finn,0.22054_6
23,Stativ til Vaskemaski/Tørketrommel,700.0,Solgt,Vøyenenga,https://images.finncdn.no/dynamic/480x640c/2022/5/vertical-0/17/9/258/803/729_1009810870.jpg,https://www.finn.no/bap/forsale/ad.html?finnkode=258803729,finn,0.22054_6
24,"Stableramme med uttrekbar hylle,  stablingssett",500.0,2. juni 2022,Frogner,https://images.finncdn.no/dynamic/480x640c/2022/3/vertical-0/20/0/251/982/450_1072530379.jpg,https://www.finn.no/bap/forsale/ad.html?finnkode=251982450,finn,0.22054_6
25,Miele Vask/tørk mellomsats med arbeidsplate,499.0,2. juni 2022,Asker,https://images.finncdn.no/dynamic/480x480c/2022/6/vertical-0/02/0/260/830/360_1964916922.jpg,https://www.finn.no/bap/forsale/ad.html?finnkode=260830360,finn,0.22054_6
26,Fint vaskemaskin MATSUI,900.0,2. juni 2022,Frogner,https://images.finncdn.no/dynamic/480x640c/2022/6/vertical-0/02/8/260/828/588_590561382.jpg,https://www.finn.no/bap/forsale/ad.html?finnkode=260828588,finn,0.22054_6
27,vaskemaskin,,2. juni 2022,Drammen,https://images.finncdn.no/dynamic/480x360c/2022/6/vertical-0/02/0/260/796/450_1213246408.jpg,https://www.finn.no/bap/forsale/ad.html?finnkode=260796450,finn,0.22054_6
28,Oppvaskmaskin,500.0,1. juni 2022,Ski,https://images.finncdn.no/dynamic/480x640c/2021/9/vertical-0/10/9/231/421/949_745511639.jpg,https://www.finn.no/bap/forsale/ad.html?finnkode=231421949,finn,0.22054_6
29,Ramme for Miele vaskemaskin og tørketrommel,200.0,1. juni 2022,Ski,https://images.finncdn.no/dynamic/480x640c/2021/7/vertical-0/28/2/226/355/522_267526969.jpg,https://www.finn.no/bap/forsale/ad.html?finnkode=226355522,finn,0.22054_6
30,Samsung qdrive 9 kg med garanti,6500.0,1. juni 2022,Drammen,https://images.finncdn.no/dynamic/480x640c/2022/6/vertical-0/01/2/260/626/632_1664005226.jpg,https://www.finn.no/bap/forsale/ad.html?finnkode=260626632,finn,0.22054_6
31,Stableramme 60x60cm,700.0,15. mai 2022,Sarpsborg,https://images.finncdn.no/dynamic/480x640c/2021/10/vertical-0/25/1/236/555/731_821942964.jpg,https://www.finn.no/bap/forsale/ad.html?finnkode=236555731,finn,0.22054_6
32,vaskemaskin,,14. mai 2022,Kråkerøy,https://images.finncdn.no/dynamic/480x640c/2022/5/vertical-0/14/1/258/438/591_1547038367.jpg,https://www.finn.no/bap/forsale/ad.html?finnkode=258438591,finn,0.22054_6
33,Vaskemaskin,1000.0,31. mai 2022,Hobøl,https://images.finncdn.no/dynamic/480x640c/2022/5/vertical-0/31/9/260/555/179_1442316396.jpg,https://www.finn.no/bap/forsale/ad.html?finnkode=260555179,finn,0.22054_6
34,vaskemaskin med tørk,6500.0,31. mai 2022,Langhus,https://images.finncdn.no/dynamic/480x640c/2022/5/vertical-0/31/0/260/539/060_1411422573.jpg,https://www.finn.no/bap/forsale/ad.html?finnkode=260539060,finn,0.22054_6
35,LG vaskemaskin,2500.0,14. mai 2022,Råholt,https://images.finncdn.no/dynamic/480x640c/2022/5/vertical-0/14/2/258/468/262_1541637044.jpg,https://www.finn.no/bap/forsale/ad.html?finnkode=258468262,finn,0.22054_6
36,Electrolux kombi vaskemaskin / vask og tørk,3900.0,31. mai 2022,Asker,https://images.finncdn.no/dynamic/480x480c/2022/1/vertical-0/29/2/246/571/302_1786608425.jpg,https://www.finn.no/bap/forsale/ad.html?finnkode=246571302,finn,0.22054_6
37,Vaskemaskin gies bort! RESERVERT!,,30. mai 2022,Skedsmokorset,https://images.finncdn.no/dynamic/480x640c/2022/5/vertical-0/30/2/260/487/412_57655758.jpg,https://www.finn.no/bap/forsale/ad.html?finnkode=260487412,finn,0.22054_6
38,Vaskemaskin med mye kapasitet og tar lite plass. LEVERING!!!,2200.0,30. mai 2022,Drammen,https://images.finncdn.no/dynamic/480x640c/2022/5/vertical-0/30/5/260/486/655_1241567425.jpg,https://www.finn.no/bap/forsale/ad.html?finnkode=260486655,finn,0.22054_6
39,Electrolux Kombinert vaskemaskin/tørketrommel,1000.0,30. mai 2022,Åros,https://images.finncdn.no/dynamic/480x640c/2022/5/vertical-0/30/0/260/475/980_2138553917.jpg,https://www.finn.no/bap/forsale/ad.html?finnkode=260475980,finn,0.22054_6
40,Vaskemaskin,2500.0,12. mai 2022,Sandvika,https://images.finncdn.no/dynamic/480x640c/2022/5/vertical-0/12/3/258/242/983_1574026029.jpg,https://www.finn.no/bap/forsale/ad.html?finnkode=258242983,finn,0.22054_6
41,Vaskemaskin selges,1200.0,12. mai 2022,Ås,https://images.finncdn.no/dynamic/480x640c/2022/5/vertical-0/12/1/258/240/901_1486962422.jpg,https://www.finn.no/bap/forsale/ad.html?finnkode=258240901,finn,0.22054_6
42,Samsung vask/tørk WD80J5420AW,5000.0,12. mai 2022,Høvik,https://images.finncdn.no/dynamic/480x480c/2022/5/vertical-0/12/8/258/221/408_925365671.jpg,https://www.finn.no/bap/forsale/ad.html?finnkode=258221408,finn,0.22054_6
43,Vaskemaskin,2000.0,29. mai 2022,Lillestrøm,https://images.finncdn.no/dynamic/480x640c/2022/5/vertical-0/29/9/260/336/899_1664703079.jpg,https://www.finn.no/bap/forsale/ad.html?finnkode=260336899,finn,0.22054_6
44,Fin vaskemaskin selges!,1900.0,29. mai 2022,Filtvet,https://images.finncdn.no/dynamic/480x640c/2022/5/vertical-0/29/2/260/328/072_542156147.jpg,https://www.finn.no/bap/forsale/ad.html?finnkode=260328072,finn,0.22054_6
45,AEG Vaskemaskin prosense 9 kg,3800.0,29. mai 2022,Drammen,https://images.finncdn.no/dynamic/480x480c/2022/5/vertical-0/29/7/260/318/907_1875119416.jpg,https://www.finn.no/bap/forsale/ad.html?finnkode=260318907,finn,0.22054_6
46,Vaskemaskin vask/tørk,6000.0,29. mai 2022,Drammen,https://images.finncdn.no/dynamic/480x640c/2022/5/vertical-0/29/1/260/283/281_1719184932.jpg,https://www.finn.no/bap/forsale/ad.html?finnkode=260283281,finn,0.22054_6
47,Selger både vaskemaskin og tørketrommel,6000.0,12. mai 2022,Hokksund,https://images.finncdn.no/dynamic/480x360c/2022/5/vertical-0/12/8/258/118/968_1723261639.jpg,https://www.finn.no/bap/forsale/ad.html?finnkode=258118968,finn,0.22054_6
48,Hotpoint Ariston vaskemaskin 7kg ECO7D169,3500.0,12. mai 2022,Hokksund,https://images.finncdn.no/dynamic/480x640c/2022/5/vertical-0/12/4/258/118/884_148665095.jpg,https://www.finn.no/bap/forsale/ad.html?finnkode=258118884,finn,0.22054_6
49,Vaskemaskin skuff. Skuff under vaskemaskin.,500.0,11. mai 2022,Moss,https://images.finncdn.no/dynamic/480x360c/2022/5/vertical-0/11/3/258/074/853_397410554.jpg,https://www.finn.no/bap/forsale/ad.html?finnkode=258074853,finn,0.22054_6
50,Grundig vaskemaskin,4000.0,28. mai 2022,Lillestrøm,https://images.finncdn.no/dynamic/480x640c/2022/5/vertical-0/28/8/260/199/448_1175732735.jpg,https://www.finn.no/bap/forsale/ad.html?finnkode=260199448,finn,0.22054_6
